mult,method,marginal,worst_region,coverage_gap,mean_width,mean_interval_score
2,geo_lcp,0.93808,0.7563025932474224,0.24369740675257753,16.260828350198327,16.78498753370832
2,lcp,0.8373200000000001,0.6333114379449466,0.32513751253155676,7.4717968953695415,9.273439735745693
2,lcp_cqr,0.9017200000000001,0.7240220161204712,0.2497416908788727,8.329794120792695,9.545926830299425
2,weighted_estimated,0.9457000000000001,0.7841693428730698,0.21583065712693017,18.546832872513807,19.065736371017216
3,geo_lcp,0.93808,0.7563025932474224,0.24369740675257753,23.882154689041293,24.406313872551287
3,lcp,0.8373200000000001,0.6333114379449466,0.32513751253155676,10.249711541547926,12.05135438192408
3,lcp_cqr,0.9017200000000001,0.7240220161204712,0.2497416908788727,11.10620089815132,12.32233360765805
3,weighted_estimated,0.9457000000000001,0.7841693428730698,0.21583065712693017,27.51556172105105,28.034465219554455
5,geo_lcp,0.93808,0.7563025932474224,0.24369740675257753,39.12480736672722,39.64896655023721
5,lcp,0.8373200000000001,0.6333114379449466,0.32513751253155676,15.805540833904692,17.607183674280847
5,lcp_cqr,0.9017200000000001,0.7240220161204712,0.2497416908788727,16.65901445286857,17.8751471623753
5,weighted_estimated,0.9457000000000001,0.7841693428730698,0.21583065712693017,45.453019418125535,45.97192291662894
10,geo_lcp,0.93808,0.7563025932474224,0.24369740675257753,77.23143906094204,77.75559824445203
10,lcp,0.8373200000000001,0.6333114379449466,0.32513751253155676,29.695114064796616,31.496756905172766
10,lcp_cqr,0.9017200000000001,0.7240220161204712,0.2497416908788727,30.54104833966169,31.757181049168416
10,weighted_estimated,0.9457000000000001,0.7841693428730698,0.21583065712693017,90.29666366081175,90.81556715931515
