method,seed_mean,seed_std,marginal_mean,marginal_std,worst_region_mean,worst_region_std,coverage_gap_mean,coverage_gap_std,mean_width_mean,mean_width_std,mean_interval_score_mean,mean_interval_score_std
cqr,9.5,5.916079783099616,0.8593399999999999,0.05181201242548823,0.7242720139218322,0.10369084567192688,0.2360528997700575,0.08702561129597687,2.931521960883663,0.7584378098828971,4.640393799744858,0.4905147517000893
di_cqr,9.5,5.916079783099616,0.90818,0.04861543614510668,0.791016268698947,0.11102300746516733,0.1898835472396358,0.09990020265509089,3.474334999856351,0.9117269728710872,4.653328116421717,0.43087877842828526
di_mondrian,9.5,5.916079783099616,0.85032,0.07135578462885822,0.6907843279091394,0.10479391869987241,0.27620009676683166,0.087154155183785,3.0957605013969296,0.9277180047806021,4.810265805241669,0.6682009495134085
di_normalized,9.5,5.916079783099616,0.97362,0.030547143892678406,0.8957673089635735,0.09536456242565468,0.10279641920236542,0.09285902217050467,10.818240028305421,6.9470303537065545,11.090283050361004,6.723302980136774
geo_localized,9.5,5.916079783099616,0.73492,0.0747663983069231,0.5347155937634731,0.12482082936085111,0.3853171970807475,0.12533717778475917,2.442823787954407,0.7520096731972657,5.439414956207716,0.9140965618264186
localized,9.5,5.916079783099616,0.73684,0.080151320046916,0.5512828194985606,0.11123377878721381,0.365237574339217,0.10195799927083093,2.4382363322345877,0.7272219452943006,5.45681889691223,1.09345156967757
normalized,9.5,5.916079783099616,0.89452,0.061651393461863234,0.7646432867612762,0.13331887660067437,0.2116836036537501,0.11882475630121847,3.7476225864271493,1.1070063661466778,4.940831356326767,0.6323192935847239
region_mondrian,9.5,5.916079783099616,0.7685799999999999,0.07750927686412772,0.5828860087955381,0.11150349087701084,0.3477201055267115,0.09902670299425541,2.5858313096306054,0.8430271486834244,5.214391302135348,0.8351882167793329
split,9.5,5.916079783099616,0.7651399999999999,0.07765567996984475,0.5694119166655168,0.10484421129688641,0.3587610446405972,0.09383243361395925,2.563378419725198,0.8461689758572581,5.225846023329704,0.8290479665342155
weighted_estimated,9.5,5.916079783099616,0.9457000000000001,0.04556080956722622,0.7841693428730698,0.11974764033283658,0.21583065712693017,0.1197476403328366,27.51556172105105,5.108908140345311,28.03446521955446,4.928534909446843
