method,decile,cov_mean,cov_sd,width_mean
cqr,1,0.8897999999999999,0.03567042118294124,2.6186107714077496
cqr,2,0.8766,0.0623507903128066,2.7785429399205657
cqr,3,0.891,0.058871850122466034,2.8653109368849483
cqr,4,0.8827999999999999,0.08035814569131972,2.946522312033941
cqr,5,0.8882,0.06895887409021025,2.9698253367857697
cqr,6,0.8694000000000001,0.06779877347128432,2.972738373516223
cqr,7,0.8619999999999999,0.04891238138377215,3.0186805240757253
cqr,8,0.8102,0.06839482898274507,3.030823535791415
cqr,9,0.8196,0.07009046785555455,3.0307205266267108
cqr,10,0.7962,0.08656704125461925,3.073925182342967
di_cqr,1,0.9306000000000001,0.03174304731168037,3.0271995360708224
di_cqr,2,0.9224,0.04224041467101082,3.228555887941024
di_cqr,3,0.9258000000000001,0.05156049079020014,3.315323884905406
di_cqr,4,0.9124000000000001,0.07268562443839909,3.3965352600543994
di_cqr,5,0.9136,0.06329080751412065,3.4198382848062274
di_cqr,6,0.9084,0.059285571156634895,3.4227513215366807
di_cqr,7,0.9036,0.045954668739393266,3.468693472096183
di_cqr,8,0.86,0.06710870992180092,3.4808364838118733
di_cqr,9,0.8699999999999999,0.07178329962646714,3.480733474647168
di_cqr,10,0.8496,0.09036440845703288,3.523938130363425
di_normalized,1,0.9391999999999999,0.041823690088651624,3.6383569271198204
di_normalized,2,0.9608000000000001,0.045098255305265934,5.292631158788459
di_normalized,3,0.9586,0.0513772425557423,6.65592018503723
di_normalized,4,0.962,0.054142113193452586,7.932843911967325
di_normalized,5,0.9734,0.04296926686292008,9.265158713750415
di_normalized,6,0.9832000000000001,0.02926754984080849,10.996060788238044
di_normalized,7,0.9864,0.023084284925600718,12.888261701383565
di_normalized,8,0.9852000000000001,0.025566425351682562,14.439656485872693
di_normalized,9,0.9885999999999999,0.02218676703755974,16.40135179832118
di_normalized,10,0.9944,0.015648776646316965,20.162926362185324
lcp,1,0.8596,0.04602790915360626,2.5234916182213225
lcp,2,0.8151999999999999,0.06692776939200554,2.5349600652667683
lcp,3,0.8008,0.08717894482644666,2.582585017521941
lcp,4,0.7972,0.1137835433480699,2.8625513974813037
lcp,5,0.8092,0.1157281751619535,4.74652507130525
lcp,6,0.829,0.12202415636603314,11.11107708742997
lcp,7,0.844,0.1380343206750065,14.137194975727695
lcp,8,0.8218,0.15667855124761856,15.704674458254686
lcp,9,0.8914,0.13282533049479922,21.839840565242106
lcp,10,0.905,0.1445945329096796,24.454215159028212
lcp_cqr,1,0.8870000000000001,0.038231978898905,2.606113764160507
lcp_cqr,2,0.8764,0.06369532743335343,2.7814740064409293
lcp_cqr,3,0.8934,0.0609023376960368,2.9251006694988955
lcp_cqr,4,0.8878,0.08141356410975158,3.300494115768589
lcp_cqr,5,0.8997999999999999,0.07456794852594792,5.314770964359961
lcp_cqr,6,0.8968,0.07742813306204459,12.186350454800262
lcp_cqr,7,0.9134,0.07504973789357784,15.361805385525008
lcp_cqr,8,0.9052,0.08004314625973853,16.952011323178557
lcp_cqr,9,0.9258,0.09610060517910109,23.361387876006507
lcp_cqr,10,0.9316000000000001,0.1026380456802088,26.27250042177398
split,1,0.8614,0.04555667378459265,2.5514640154050627
split,2,0.8182,0.061824539498572306,2.5514640154050627
split,3,0.8038000000000001,0.08764017343661522,2.5514640154050627
split,4,0.7884,0.10942837118888607,2.5514640154050627
split,5,0.7857999999999999,0.10256889853834066,2.5514640154050627
split,6,0.7726,0.1050014536240232,2.5514640154050627
split,7,0.7414,0.09428534518041218,2.5514640154050627
split,8,0.663,0.1127559077691369,2.5514640154050627
split,9,0.7096,0.09352421583402035,2.5514640154050627
split,10,0.6846,0.10848060704689645,2.5514640154050627
