method,bin,cov_mean,cov_sd
cqr,1,0.9515151515151515,0.07821510311855932
cqr,2,0.896969696969697,0.10053528247686738
cqr,3,0.896969696969697,0.1257257831424583
cqr,4,0.8878787878787879,0.11861106837871317
cqr,5,0.8636363636363636,0.15609585585609245
di_cqr,1,0.9727272727272728,0.0681556898734505
di_cqr,2,0.9636363636363636,0.06581579170914462
di_cqr,3,0.9787878787878788,0.04581881209033917
di_cqr,4,0.9757575757575758,0.07135593206953647
di_cqr,5,0.9636363636363636,0.06133315160574596
di_cqr_K2,1,0.9454545454545454,0.09429433735684374
di_cqr_K2,2,0.9454545454545454,0.07772777685953579
di_cqr_K2,3,0.9333333333333333,0.09529643072208402
di_cqr_K2,4,0.9181818181818182,0.12485386156767982
di_cqr_K2,5,0.9121212121212121,0.1132018862327036
di_normalized,1,0.893939393939394,0.09574395099028538
di_normalized,2,0.9090909090909091,0.09549558753434366
di_normalized,3,0.9515151515151515,0.061949580678278174
di_normalized,4,0.9818181818181818,0.03698528201568059
di_normalized,5,0.9787878787878788,0.06171914126585115
lcp,1,0.9393939393939394,0.0871751457246153
lcp,2,0.8909090909090909,0.1203206507261558
lcp,3,0.8909090909090909,0.11299190295743008
lcp,4,0.9181818181818182,0.0689868875410942
lcp,5,0.8727272727272728,0.11597898808332052
lcp_cqr,1,0.9606060606060606,0.06171914126585114
lcp_cqr,2,0.896969696969697,0.10053528247686738
lcp_cqr,3,0.8939393939393939,0.12874945643588318
lcp_cqr,4,0.8818181818181817,0.126666716663407
lcp_cqr,5,0.8575757575757575,0.1665763980872861
split,1,0.9363636363636363,0.09292437101741725
split,2,0.8848484848484849,0.12841700856846872
split,3,0.8939393939393939,0.11219038223341044
split,4,0.9151515151515152,0.07894045190096446
split,5,0.8666666666666667,0.1279724013183802
