method,metric,mean,sd,ci_lo,ci_hi
split,marginal,0.8993939393939392,0.08225010802292275,0.8686812443091632,0.9301066344787152
split,worst_region,0.7709338305890733,0.16223752714787035,0.7103533423395997,0.8315143188385469
split,coverage_gap,0.1798136777165745,0.13031569149132236,0.13115299879783943,0.22847435663530957
split,mean_width,1.348699532978634,0.1635719523793635,1.287620762158676,1.409778303798592
split,mean_interval_score,1.6607121209741174,0.27172186988281977,1.5592495072684864,1.7621747346797483
normalized,marginal,0.9151515151515152,0.07762994450250223,0.8861640174780901,0.9441390128249402
normalized,worst_region,0.8200973617252688,0.13953798568779002,0.7679930215585841,0.8722017018919536
normalized,coverage_gap,0.14201759135510666,0.10032091108941131,0.10455714750915676,0.17947803520105657
normalized,mean_width,1.7576577953366033,0.2959881459500867,1.6471340052311887,1.8681815854420178
normalized,mean_interval_score,2.022602649182951,0.2608054740257044,1.9252162846816476,2.119989013684254
di_normalized,marginal,0.943030303030303,0.04497764451088038,0.926235374553016,0.95982523150759
di_normalized,worst_region,0.8060023503628154,0.14527736760379764,0.751754889767495,0.8602498109581358
di_normalized,coverage_gap,0.1804040726715145,0.13833882961956995,0.1287475047396339,0.23206064060339512
di_normalized,mean_width,1.5870334236008952,0.25207786638498253,1.4929060013518543,1.681160845849936
di_normalized,mean_interval_score,1.7471689210413424,0.24408837535166875,1.6560248237737147,1.83831301830897
di_normalized_auto,marginal,0.9351515151515152,0.05416446532271191,0.9149261714057932,0.9553768588972371
di_normalized_auto,worst_region,0.7930793775561219,0.15428239587353498,0.7354693841432014,0.8506893709690424
di_normalized_auto,coverage_gap,0.18599038988573868,0.13951350462065323,0.13389519109975723,0.23808558867172014
di_normalized_auto,mean_width,1.5071288253854944,0.22352641497043282,1.4236626903079972,1.5905949604629916
di_normalized_auto,mean_interval_score,1.6973826771547615,0.24459221608833415,1.6060504426641142,1.7887149116454089
region_mondrian,marginal,0.8981818181818181,0.07941076819577521,0.8685293500128407,0.9278342863507955
region_mondrian,worst_region,0.7915935611187549,0.18681907350053664,0.721834172610192,0.8613529496273178
region_mondrian,coverage_gap,0.17336867302952577,0.17582735376425154,0.10771366012401684,0.2390236859350347
region_mondrian,mean_width,1.3614667914817424,0.16027744910769667,1.3016182084009944,1.4213153745624905
region_mondrian,mean_interval_score,1.6831988235058477,0.28104449867420267,1.5782550829987967,1.7881425640128987
di_mondrian,marginal,0.9709090909090909,0.032243021340940786,0.9588693488727613,0.9829488329454206
di_mondrian,worst_region,0.9063529412244223,0.11642875903400017,0.8628777281059966,0.9498281543428481
di_mondrian,coverage_gap,0.08744550838798085,0.10893661082264515,0.046767909389176306,0.1281231073867854
di_mondrian,mean_width,1.8118858197968,0.32622570811163365,1.6900711384196594,1.9337005011739405
di_mondrian,mean_interval_score,1.8863069686052139,0.2905074604526221,1.7778297000981937,1.994784237112234
cqr,marginal,0.8993939393939393,0.08197245411471962,0.8687849219823812,0.9300029568054974
cqr,worst_region,0.8073648164927235,0.1348007222338868,0.7570293995711661,0.8577002334142809
cqr,coverage_gap,0.1359218064450623,0.12561102520750125,0.08901787878810495,0.18282573410201963
cqr,mean_width,1.5211405764282973,0.2536785952729294,1.426415432189211,1.6158657206673834
cqr,mean_interval_score,1.9044120199288925,0.23202374631210507,1.817772929182348,1.9910511106754372
di_cqr,marginal,0.9709090909090908,0.030796401621083398,0.9594095255537112,0.9824086562644705
di_cqr,worst_region,0.9266435488140913,0.07371238856678153,0.8991188905681574,0.9541682070600251
di_cqr,coverage_gap,0.05972596022983619,0.06489426073843182,0.03549404502972553,0.08395787542994686
di_cqr,mean_width,2.037506463850565,0.25180350919520594,1.9434814882598506,2.1315314394412797
di_cqr,mean_interval_score,2.133047010023755,0.21336446666549208,2.053375408804741,2.212718611242769
di_cqr_K2,marginal,0.930909090909091,0.07120667401741496,0.9043200818528547,0.9574980999653273
di_cqr_K2,worst_region,0.8579905552386172,0.1254060580250586,0.811163163585418,0.9048179468918165
di_cqr_K2,coverage_gap,0.10499394088541374,0.0987738714935767,0.06811117111835624,0.14187671065247123
di_cqr_K2,mean_width,1.7131753686237905,0.2834408777113018,1.6073368054782882,1.8190139317692928
di_cqr_K2,mean_interval_score,1.965263477606926,0.18160105822452247,1.8974525280241243,2.0330744271897276
di_cqr_auto,marginal,0.9563636363636363,0.049298296411418835,0.9379553499518927,0.9747719227753799
di_cqr_auto,worst_region,0.9033374152631598,0.09525422550424344,0.8677689029077353,0.9389059276185843
di_cqr_auto,coverage_gap,0.07870392840609079,0.08625085381854997,0.04649733028961844,0.11091052652256314
di_cqr_auto,mean_width,1.955883246738762,0.2845526621714236,1.849629536453098,2.062136957024426
di_cqr_auto,mean_interval_score,2.1067616271776264,0.2169337836930952,2.0257572210764705,2.1877660332787823
lcp,marginal,0.9024242424242424,0.07248916088561803,0.8753563449011074,0.9294921399473773
lcp,worst_region,0.7749461762680857,0.1536516263866805,0.7175717160524364,0.832320636483735
lcp,coverage_gap,0.17812691343291095,0.13453973090469265,0.12788895227531533,0.22836487459050658
lcp,mean_width,1.36185933740862,0.15519689792212846,1.303907863318677,1.4198108114985633
lcp,mean_interval_score,1.6531974016846909,0.2525092171965738,1.5589089103955063,1.7474858929738755
lcp_cqr,marginal,0.8981818181818181,0.08292184909811912,0.8672182908572513,0.9291453455063848
lcp_cqr,worst_region,0.7997994992374837,0.14174844508855486,0.7468697599654988,0.8527292385094687
lcp_cqr,coverage_gap,0.14426231749875162,0.13067467168177085,0.0954675931739285,0.19305704182357475
lcp_cqr,mean_width,1.535305595693381,0.25125070413107625,1.4414870409060434,1.6291241504807186
lcp_cqr,mean_interval_score,1.9093642588847786,0.24256408118055556,1.8187893424148691,1.999939175354688
geo_lcp,marginal,0.9642424242424242,0.03651483716701108,0.9506075599615396,0.9778772885233089
geo_lcp,worst_region,0.8571007696007696,0.1361857588424049,0.806248171509957,0.9079533676915823
geo_lcp,coverage_gap,0.13824806760853275,0.1317333295726604,0.08905803393052408,0.18743810128654143
geo_lcp,mean_width,7.649651425302536,2.7103076046166374,6.637605933236538,8.661696917368534
geo_lcp,mean_interval_score,7.758058783908794,2.715250345866694,6.744167641927617,8.77194992588997
weighted_estimated,marginal,0.9787878787878787,0.02574989128717665,0.969172711360393,0.9884030462153643
weighted_estimated,worst_region,0.9196515999300575,0.13666635004891653,0.8686195461334615,0.9706836537266536
weighted_estimated,coverage_gap,0.07879801247304306,0.1357778350651398,0.028097735623990747,0.1294982893220954
weighted_estimated,mean_width,7.109031178194944,3.9420108201672566,5.63706014677766,8.581002209612228
weighted_estimated,mean_interval_score,7.1518555785877505,3.9314561423887944,5.6838257286244485,8.619885428551052
