regime,method,seed_mean,seed_std,marginal_mean,marginal_std,worst_mean,worst_std,interval_score_mean,interval_score_std,width_mean,width_std
moderate,cqr,14.5,8.803408430829505,0.7900403911564626,0.07564711870345116,0.505629937416641,0.18185132247502853,7.090367383918869,2.162401289867926,3.209200007891531,0.5226557956807275
moderate,di_cqr,14.5,8.803408430829505,0.8539753401360545,0.07094745338847756,0.6053158806698357,0.18822894311496607,6.417740056600959,1.6573891197026707,3.7760278744880504,0.653591294928955
moderate,di_normalized,14.5,8.803408430829505,0.7643069727891156,0.08454080904909952,0.5082472669653341,0.16564716948156916,6.017323924051457,2.187886128782008,2.7505833034575558,0.46633491024090545
moderate,localized,14.5,8.803408430829505,0.6542835884353742,0.07594814314902941,0.3379908917843667,0.1410100443180942,8.9675208149056,3.0075585418149613,1.968035926409676,0.3823449163735036
moderate,normalized,14.5,8.803408430829505,0.8712691326530613,0.07652764103647641,0.6683207368649043,0.21775602644826292,7.510829666091196,1.9124944623452251,5.2956783948867265,2.201601095335726
moderate,split,14.5,8.803408430829505,0.5687074829931973,0.06450490780352872,0.22832609463880624,0.105025610837878,11.012981177120933,3.415955307382513,1.5348159171038207,0.24766322171724917
moderate,weighted_oracle,14.5,8.803408430829505,0.960639880952381,0.02980494240351188,0.8882815795173443,0.07761839214894935,28.496927844775037,7.593192740731374,28.14132502313441,7.670307086688055
moderate,width_matched_global,14.5,8.803408430829505,0.8336947278911565,0.07431560918313104,0.5423731518529918,0.19079699778046433,7.224978861626129,2.11177027110861,3.7760278744880504,0.6535912949289551
severe,cqr,14.5,8.803408430829505,0.6970238095238095,0.10729269201930124,0.3580668695781038,0.1689493001232615,9.943253382028823,4.224343833515903,3.0285677661514674,0.6602787217100466
severe,di_cqr,14.5,8.803408430829505,0.7668898809523809,0.10138883083681578,0.4468540177604505,0.200439048637667,8.740297549349199,3.426544682617712,3.5645158706333406,0.7400913310715838
severe,di_normalized,14.5,8.803408430829505,0.7011585884353742,0.13084260847707663,0.4175663736990299,0.22463886545049222,8.654794891825723,4.301933702514654,3.1669271382813076,0.7683007181155005
severe,localized,14.5,8.803408430829505,0.5128613945578231,0.0908847638737487,0.18952298712994312,0.13164107683022694,14.15008510205491,5.480965340991843,1.7239659415320998,0.5191888437365495
severe,normalized,14.5,8.803408430829505,0.7633290816326531,0.1275639507872428,0.45608791309006763,0.24335538989384017,10.068088622453887,4.807851170955942,4.247152203313225,1.2739894513277104
severe,split,14.5,8.803408430829505,0.4367984693877551,0.08598586679077469,0.14017161975764622,0.10622320540983651,16.620811359404396,6.828306443587523,1.276091533717086,0.3183072371128023
severe,weighted_oracle,14.5,8.803408430829505,0.9668367346938775,0.0338139846408692,0.9071001903719663,0.07872798715636065,36.590936888681895,8.80347034031264,36.244925625223736,8.95757889609248
severe,width_matched_global,14.5,8.803408430829505,0.738095238095238,0.11715810567205558,0.4149584487534626,0.2185269341959083,9.991574434071762,4.8711657733725175,3.5645158706333406,0.7400913310715839
