regime,seed,method,marginal,worst,interval_score,width
moderate,0,split,0.6183035714285714,0.32132963988919666,10.045812560016188,1.4590336915822033
moderate,0,normalized,0.8131377551020408,0.6011080332409973,7.148386973743372,3.1776522811584638
moderate,0,di_normalized,0.7662627551020408,0.6049382716049383,5.6876729523756575,2.5357032733930134
moderate,0,cqr,0.7643494897959183,0.5246913580246914,6.025496481188997,2.5409343973209535
moderate,0,di_cqr,0.8580994897959183,0.6635802469135802,5.250941430627386,3.0628836889328404
moderate,0,localized,0.6875,0.41274238227146814,8.700567682641966,1.7606689736636174
moderate,0,weighted_oracle,0.9257015306122449,0.6975308641975309,19.39770618206984,18.669011492053972
moderate,0,width_matched_global,0.8230229591836735,0.5789473684210527,7.41665807689184,3.0628836889328404
moderate,1,split,0.366390306122449,0.04678362573099415,23.276020455699012,1.2150714975951502
moderate,1,normalized,0.9553571428571429,0.8421052631578947,12.480610309020667,11.73544940299561
moderate,1,di_normalized,0.5733418367346939,0.10818713450292397,12.401699205119005,3.049686836461325
moderate,1,cqr,0.6865433673469388,0.1608187134502924,11.884903678365369,3.816942053269918
moderate,1,di_cqr,0.7573341836734694,0.2894736842105263,10.090653649790447,4.576314027622618
moderate,1,localized,0.5,0.16897506925207756,17.339362588269818,2.0626823621519863
moderate,1,weighted_oracle,0.9958545918367347,0.9766081871345029,32.48836084272982,32.4620072546615
moderate,1,width_matched_global,0.7366071428571429,0.42382271468144045,12.280645557238064,4.576314027622617
moderate,2,split,0.5392219387755102,0.00554016620498615,14.225477630881636,1.327629098792919
moderate,2,normalized,0.7161989795918368,0.07756232686980609,11.34647372117702,3.0933767972855906
moderate,2,di_normalized,0.7809311224489796,0.6260387811634349,5.42969047001185,2.8307587606830533
moderate,2,cqr,0.6906887755102041,0.13573407202216067,10.2649274696921,2.4169034272994847
moderate,2,di_cqr,0.7254464285714286,0.15789473684210525,9.788262589412811,2.621643083391451
moderate,2,localized,0.6157525510204082,0.08033240997229917,11.178726714266071,1.823741982147887
moderate,2,weighted_oracle,0.9706632653061225,0.8421052631578947,19.37533909241837,19.10575968115358
moderate,2,width_matched_global,0.7152423469387755,0.055401662049861494,10.85605454694607,2.621643083391451
moderate,3,split,0.6419005102040817,0.2742382271468144,8.728110578911908,1.9126061576795406
moderate,3,normalized,0.951530612244898,0.9035087719298246,9.76842109506757,9.222077692033135
moderate,3,di_normalized,0.9123086734693877,0.827485380116959,4.517949564114236,3.8699685252302465
moderate,3,cqr,0.8236607142857143,0.6620498614958449,5.808304872071416,3.3915734573173957
moderate,3,di_cqr,0.8746811224489796,0.7202216066481995,5.418244763749831,3.7878863618787078
moderate,3,localized,0.7413903061224489,0.44598337950138506,6.530695149293938,2.451851104513473
moderate,3,weighted_oracle,0.9738520408163265,0.9506172839506173,28.403796152587134,28.15210678626013
moderate,3,width_matched_global,0.8565051020408163,0.5318559556786704,6.166967928219536,3.7878863618787073
moderate,4,split,0.5223214285714286,0.17174515235457063,11.687891353305341,1.302435219793111
moderate,4,normalized,0.9164540816326531,0.8559556786703602,6.507354250249519,5.522135183163068
moderate,4,di_normalized,0.751594387755102,0.3654970760233918,5.608712397535765,2.483959414582206
moderate,4,cqr,0.8284438775510204,0.631578947368421,4.776122805824545,2.8302311393324255
moderate,4,di_cqr,0.8998724489795918,0.7748538011695907,4.495185087880775,3.2492623981444178
moderate,4,localized,0.5701530612244898,0.19667590027700832,10.627852334458142,1.4972724662067152
moderate,4,weighted_oracle,0.9620535714285714,0.8947368421052632,36.73004772634767,36.37172708338228
moderate,4,width_matched_global,0.7879464285714286,0.5041551246537396,7.2301335002086375,3.249262398144417
moderate,5,split,0.6205357142857143,0.4792243767313019,7.862227971449079,1.621377547009281
moderate,5,normalized,0.9308035714285714,0.7690058479532164,6.560632594022258,5.6097357729634085
moderate,5,di_normalized,0.8332270408163265,0.5906432748538012,4.4896148432912835,2.8863878130521847
moderate,5,cqr,0.7927295918367347,0.5524691358024691,7.840971044234962,3.9089952748669745
moderate,5,di_cqr,0.9151785714285714,0.7423822714681441,6.893706930592643,5.020114419853584
moderate,5,localized,0.7547831632653061,0.6169590643274854,5.965207636183664,2.2075334610235644
moderate,5,weighted_oracle,0.9142219387755102,0.7397660818713451,23.679516436546088,22.954549524810616
moderate,5,width_matched_global,0.9716198979591837,0.8005540166204986,6.149350796275512,5.020114419853584
moderate,6,split,0.6383928571428571,0.3508771929824561,8.458665709868468,1.9743289328690923
moderate,6,normalized,0.8644770408163265,0.7134502923976608,7.81469933783077,5.615568562120079
moderate,6,di_normalized,0.7978316326530612,0.6549707602339181,5.442937737289258,3.1373733747937815
moderate,6,cqr,0.8686224489795918,0.6604938271604939,6.474981845995022,4.115272951880965
moderate,6,di_cqr,0.9177295918367347,0.7807017543859649,6.230976273383306,4.978464214908713
moderate,6,localized,0.7177933673469388,0.5380116959064327,6.565929204175383,2.4513342671795613
moderate,6,weighted_oracle,0.9882015306122449,0.9814814814814815,48.04055518951907,47.972340174064605
moderate,6,width_matched_global,0.9320790816326531,0.7222222222222222,5.937288761330462,4.978464214908713
moderate,7,split,0.5111607142857143,0.21052631578947367,10.274320132639295,1.1997190056776121
moderate,7,normalized,0.8558673469387755,0.7426900584795322,5.993671721790598,4.12771318295111
moderate,7,di_normalized,0.6957908163265306,0.4152046783625731,5.676535090938678,2.157148869566729
moderate,7,cqr,0.7704081632653061,0.39473684210526316,7.556412667145085,2.991743861842526
moderate,7,di_cqr,0.8813775510204082,0.6052631578947368,6.113492654887364,4.273121522370304
moderate,7,localized,0.6485969387755102,0.4930747922437673,7.109855743885819,1.7787053916959705
moderate,7,weighted_oracle,0.9808673469387755,0.9590643274853801,21.750633187247224,21.63063724636771
moderate,7,width_matched_global,0.8909438775510204,0.695906432748538,5.64469254886977,4.273121522370304
moderate,8,split,0.5835459183673469,0.22160664819944598,9.985937176756106,1.5586128659221115
moderate,8,normalized,0.8887117346938775,0.7285318559556787,6.204437813531828,4.503383755404203
moderate,8,di_normalized,0.7748724489795918,0.48753462603878117,5.723534762899454,2.828646736514289
moderate,8,cqr,0.7860331632653061,0.47368421052631576,6.989443626617105,3.0546237373219105
moderate,8,di_cqr,0.8794642857142857,0.6343490304709142,6.182085963801439,3.917637191268205
moderate,8,localized,0.751594387755102,0.5595567867036011,6.291904822327417,2.3477631888158537
moderate,8,weighted_oracle,0.9537627551020408,0.8864265927977839,22.39246416272567,21.96249120393942
moderate,8,width_matched_global,0.8641581632653061,0.6426592797783933,6.390642960648494,3.917637191268205
moderate,9,split,0.47512755102040816,0.08587257617728532,17.504388801734546,1.2699514191253574
moderate,9,normalized,0.7091836734693877,0.23976608187134502,10.756288865167056,3.3396296463706663
moderate,9,di_normalized,0.5589923469387755,0.12188365650969529,12.7940150578537,1.89720025908523
moderate,9,cqr,0.5596301020408163,0.11080332409972299,13.686778390044482,2.020204164282097
moderate,9,di_cqr,0.6782525510204082,0.18559556786703602,10.84083185782086,2.7036783779942635
moderate,9,localized,0.4799107142857143,0.11080332409972299,16.931108939696692,1.312519003663282
moderate,9,weighted_oracle,0.9477040816326531,0.9085872576177285,31.141172456799087,30.561152745877187
moderate,9,width_matched_global,0.6505102040816326,0.15789473684210525,12.84046051670783,2.703678377994264
moderate,10,split,0.6466836734693877,0.3333333333333333,7.527363040442791,1.7827241275848809
moderate,10,normalized,0.9661989795918368,0.8713450292397661,6.944278214984637,6.7234806555138835
moderate,10,di_normalized,0.7994260204081632,0.5058479532163743,4.724079351115312,2.6560937543194503
moderate,10,cqr,0.8641581632653061,0.6345029239766082,5.165185265486156,3.839541825398368
moderate,10,di_cqr,0.9190051020408163,0.7339181286549707,4.989483447448473,4.294293744451988
moderate,10,localized,0.7311862244897959,0.4239766081871345,6.293639875734786,2.1057110433904223
moderate,10,weighted_oracle,0.9633290816326531,0.9307479224376731,39.02209760916604,38.746297928503196
moderate,10,width_matched_global,0.9221938775510204,0.6695906432748538,5.555276913494332,4.294293744451989
moderate,11,split,0.5299744897959183,0.29916897506925205,10.631834401672709,1.6187386169072688
moderate,11,normalized,0.9473852040816326,0.8975069252077562,10.24646154237512,9.398975427634637
moderate,11,di_normalized,0.7914540816326531,0.5321637426900585,5.793273925336761,3.0746849717128644
moderate,11,cqr,0.8367346938775511,0.49122807017543857,6.647061072968181,3.507459315755007
moderate,11,di_cqr,0.8836096938775511,0.6491228070175439,6.289529219575733,3.9770098825373887
moderate,11,localized,0.6779336734693877,0.3268698060941828,8.323513200308463,2.3649026884220294
moderate,11,weighted_oracle,0.9971301020408163,0.9853801169590644,33.210788291068994,33.20066586313159
moderate,11,width_matched_global,0.8488520408163265,0.6695906432748538,6.1981109905845635,3.9770098825373883
moderate,12,split,0.576530612244898,0.23822714681440443,11.921058477356155,1.6826059259278345
moderate,12,normalized,0.765625,0.43490304709141275,7.705233752170033,3.27994352369805
moderate,12,di_normalized,0.7933673469387755,0.481994459833795,5.2633221452105365,3.097338758120213
moderate,12,cqr,0.8313137755102041,0.5512465373961218,6.1789174099665045,3.5134591388953287
moderate,12,di_cqr,0.8887117346938775,0.6481994459833795,5.73426560425822,4.023249051713211
moderate,12,localized,0.5870535714285714,0.25761772853185594,11.873287459943631,1.6783449859614485
moderate,12,weighted_oracle,0.9247448979591837,0.8216374269005848,23.709010024133402,23.120073378965255
moderate,12,width_matched_global,0.8236607142857143,0.4155124653739612,7.708798409297844,4.0232490517132105
moderate,13,split,0.5819515306122449,0.1440443213296399,9.251169484770422,1.6642046231108392
moderate,13,normalized,0.8966836734693877,0.5650969529085873,5.939862215902834,4.524037479568073
moderate,13,di_normalized,0.8105867346938775,0.49122807017543857,4.803480976656144,3.1299022687046976
moderate,13,cqr,0.8801020408163265,0.7222222222222222,4.8475440907706515,3.4809296767663724
moderate,13,di_cqr,0.9308035714285714,0.8216374269005848,4.792008351222606,4.07767550064323
moderate,13,localized,0.6779336734693877,0.24930747922437674,7.381500645813993,2.0846413181518355
moderate,13,weighted_oracle,0.9582270408163265,0.9035087719298246,24.460070523131602,24.072681286701982
moderate,13,width_matched_global,0.8807397959183674,0.518005540166205,5.536233277982382,4.077675500643231
moderate,14,split,0.5503826530612245,0.2409972299168975,11.111371408004576,1.349150058341193
moderate,14,normalized,0.9288903061224489,0.817174515235457,6.952784848613284,5.908583577148082
moderate,14,di_normalized,0.671875,0.481994459833795,7.59943787666239,1.9943462114109725
moderate,14,cqr,0.8705357142857143,0.6897506925207756,5.235603085321124,3.636258765258372
moderate,14,di_cqr,0.9158163265306123,0.739612188365651,5.172832297351312,4.10166931134805
moderate,14,localized,0.6782525510204082,0.44321329639889195,8.636662385027236,1.923289005853444
moderate,14,weighted_oracle,0.9658801020408163,0.9064327485380117,24.359518077497267,23.960605906356964
moderate,14,width_matched_global,0.8667091836734694,0.7257617728531855,7.176235356084791,4.10166931134805
moderate,15,split,0.5736607142857143,0.2222222222222222,9.983160729916037,1.375675548410313
moderate,15,normalized,0.7531887755102041,0.4619883040935672,6.909031571755876,2.674849402606945
moderate,15,di_normalized,0.8054846938775511,0.6398891966759003,4.64897762297176,2.6520085360122745
moderate,15,cqr,0.7592474489795918,0.3656509695290859,7.415252121570009,3.136630527981576
moderate,15,di_cqr,0.7771045918367347,0.41274238227146814,7.166500410249505,3.2728156867897074
moderate,15,localized,0.5943877551020408,0.2309941520467836,9.414131957426077,1.473853696246984
moderate,15,weighted_oracle,0.9457908163265306,0.7977839335180056,21.96224049742756,21.570465316338794
moderate,15,width_matched_global,0.8230229591836735,0.5584795321637427,6.406540064101675,3.2728156867897065
moderate,16,split,0.5028698979591837,0.1994459833795014,14.242719835558976,1.2918875287637643
moderate,16,normalized,0.8912627551020408,0.8116343490304709,6.314210087779372,5.033339881778895
moderate,16,di_normalized,0.7005739795918368,0.6149584487534626,6.87247187561251,2.723308025472117
moderate,16,cqr,0.7838010204081632,0.6481994459833795,8.012442809553091,3.205714647062145
moderate,16,di_cqr,0.8781887755102041,0.7285318559556787,6.889847008190591,4.142798502048577
moderate,16,localized,0.7018494897959183,0.3462603878116344,8.01810053011068,2.697219038808271
moderate,16,weighted_oracle,0.9964923469387755,0.9806094182825484,26.408959818695863,26.389514657947412
moderate,16,width_matched_global,0.7994260204081632,0.592797783933518,7.825866096603659,4.142798502048577
moderate,17,split,0.5404974489795918,0.19667590027700832,11.348823602496521,1.3202760160529405
moderate,17,normalized,0.9387755102040817,0.7953216374269005,7.402523723892926,6.861021248995907
moderate,17,di_normalized,0.7614795918367347,0.5672514619883041,5.724695835094696,2.5129775212825507
moderate,17,cqr,0.8491709183673469,0.4853801169590643,6.194261897170541,3.7519017747305616
moderate,17,di_cqr,0.8874362244897959,0.5555555555555556,5.95701154968062,4.145217635092055
moderate,17,localized,0.6167091836734694,0.31301939058171746,9.630249280229693,1.6608754230809701
moderate,17,weighted_oracle,0.9668367346938775,0.9085872576177285,40.86106007978961,40.437406030206475
moderate,17,width_matched_global,0.8622448979591837,0.7456140350877193,6.560409505853328,4.145217635092055
moderate,18,split,0.6690051020408163,0.18282548476454294,8.01762539649335,1.9542907451480034
moderate,18,normalized,0.9461096938775511,0.8830409356725146,8.686181813448343,7.855124908978684
moderate,18,di_normalized,0.8542729591836735,0.6980609418282548,4.433777825684878,3.010300868234629
moderate,18,cqr,0.9205994897959183,0.8476454293628809,5.194065318944657,3.9459229823704196
moderate,18,di_cqr,0.9553571428571429,0.8947368421052632,5.391930474894265,4.504887254149737
moderate,18,localized,0.7388392857142857,0.481994459833795,6.546460081502112,2.2640248295057064
moderate,18,weighted_oracle,0.8628826530612245,0.7426900584795322,26.702783243315054,25.273877888868146
moderate,18,width_matched_global,0.9272959183673469,0.667590027700831,6.044950378937078,4.504887254149736
moderate,19,split,0.48947704081632654,0.08771929824561403,17.00000876829362,1.267408894005498
moderate,19,normalized,0.8950892857142857,0.7174515235457064,9.44750650421345,7.535855115964825
moderate,19,di_normalized,0.5832270408163265,0.18559556786703602,10.928455082057454,2.0659854964090325
moderate,19,cqr,0.6932397959183674,0.3684210526315789,9.5842873790543,2.805956834730614
moderate,19,di_cqr,0.7426658163265306,0.4155124653739612,8.702957467141616,3.1169734100066915
moderate,19,localized,0.5092474489795918,0.12465373961218837,15.258564693092532,1.4634039119388094
moderate,19,weighted_oracle,0.9722576530612245,0.8919667590027701,29.772229340262157,29.54731461294371
moderate,19,width_matched_global,0.6785714285714286,0.22437673130193905,11.26872479898772,3.116973410006692
moderate,20,split,0.576530612244898,0.33240997229916897,10.11292147890886,1.5674298815263732
moderate,20,normalized,0.8488520408163265,0.5761772853185596,7.270956881481527,4.405602428998324
moderate,20,di_normalized,0.782844387755102,0.556786703601108,5.3657768187873405,2.83393151654893
moderate,20,cqr,0.7850765306122449,0.49584487534626037,7.398695108504123,3.5123671861432384
moderate,20,di_cqr,0.8191964285714286,0.5207756232686981,7.049763431613753,3.77188987991286
moderate,20,localized,0.7107780612244898,0.4515235457063712,8.327780673792054,2.0999649913127896
moderate,20,weighted_oracle,0.9722576530612245,0.9335180055401662,20.805094214560704,20.59746336661883
moderate,20,width_matched_global,0.8494897959183674,0.6731301939058172,6.794609764989568,3.771889879912861
moderate,21,split,0.6135204081632653,0.25761772853185594,7.43955309063599,1.4478682859191083
moderate,21,normalized,0.9056122448979592,0.7894736842105263,4.849045202351748,3.941981385751614
moderate,21,di_normalized,0.7873086734693877,0.5457063711911357,4.346687833779457,2.310282154332732
moderate,21,cqr,0.8058035714285714,0.5994152046783626,4.924955015375274,2.5421952529242597
moderate,21,di_cqr,0.84375,0.6461988304093568,4.560958518760767,2.7851885860397037
moderate,21,localized,0.6205357142857143,0.2742382271468144,7.353850131971351,1.471255533191044
moderate,21,weighted_oracle,0.9288903061224489,0.8116343490304709,30.514681468946744,29.814766175094036
moderate,21,width_matched_global,0.8128188775510204,0.5761772853185596,5.114909125235541,2.785188586039703
moderate,22,split,0.6179846938775511,0.2716049382716049,7.942644630874846,1.7779203129670749
moderate,22,normalized,0.9212372448979592,0.7469135802469136,6.1031185646597645,5.388152878465655
moderate,22,di_normalized,0.8102678571428571,0.44753086419753085,5.1082072751511385,2.962256599797998
moderate,22,cqr,0.6811224489795918,0.30864197530864196,7.823471014885629,2.6317920579304337
moderate,22,di_cqr,0.7235331632653061,0.3765432098765432,7.1377477038332975,2.864539197936614
moderate,22,localized,0.7181122448979592,0.4722222222222222,5.62219619195043,2.319864207334557
moderate,22,weighted_oracle,0.9744897959183674,0.904320987654321,27.465429417498868,27.26389983461792
moderate,22,width_matched_global,0.7914540816326531,0.4567901234567901,5.870031956301937,2.864539197936614
moderate,23,split,0.6112882653061225,0.2894736842105263,11.701161366769078,1.9458914672844214
moderate,23,normalized,0.9298469387755102,0.7865497076023392,7.751573800921406,6.647998251732727
moderate,23,di_normalized,0.7551020408163265,0.36257309941520466,6.7228694232323285,2.9016434623992002
moderate,23,cqr,0.7914540816326531,0.4415204678362573,7.907648124132962,3.5648460959332637
moderate,23,di_cqr,0.8714923469387755,0.6374269005847953,7.036602490567612,4.3553076654791925
moderate,23,localized,0.7161989795918368,0.3391812865497076,8.499173035930175,2.5784215043756484
moderate,23,weighted_oracle,0.982780612244898,0.9058171745152355,26.921827513153115,26.56109767201707
moderate,23,width_matched_global,0.8319515306122449,0.564327485380117,8.014381110543795,4.3553076654791925
moderate,24,split,0.532844387755102,0.27977839335180055,8.765202694633574,1.3227582896418095
moderate,24,normalized,0.8810586734693877,0.7313019390581718,4.574767587065362,3.45288745561556
moderate,24,di_normalized,0.6977040816326531,0.38227146814404434,5.162993189302516,2.1261192090606156
moderate,24,cqr,0.8239795918367347,0.6049382716049383,4.998305254633845,3.144258849401986
moderate,24,di_cqr,0.8743622448979592,0.6975308641975309,4.69356711649048,3.4757295509798527
moderate,24,localized,0.6237244897959183,0.2548476454293629,6.938807856992249,1.7343850758204016
moderate,24,weighted_oracle,0.9830994897959183,0.9473684210526315,42.2272368065981,42.163323459717645
moderate,24,width_matched_global,0.8644770408163265,0.7063711911357341,4.883465637530393,3.475729550979853
moderate,25,split,0.5660076530612245,0.4099722991689751,8.058570951384228,1.325707855731439
moderate,25,normalized,0.7745535714285714,0.6592797783933518,5.07036840173171,2.859310990040875
moderate,25,di_normalized,0.7850765306122449,0.5987654320987654,4.7027370396478245,2.408878272450322
moderate,25,cqr,0.8163265306122449,0.654320987654321,5.346179673122664,3.107235515796494
moderate,25,di_cqr,0.9164540816326531,0.8362573099415205,4.814778069689421,4.016150381196024
moderate,25,localized,0.5666454081632653,0.41358024691358025,8.044584523497218,1.3280213288550815
moderate,25,weighted_oracle,0.9323979591836735,0.8393351800554016,34.92852129888739,34.53293264196398
moderate,25,width_matched_global,0.9174107142857143,0.8157894736842105,4.6525424582993375,4.0161503811960255
moderate,26,split,0.609375,0.27146814404432135,11.012111772759184,1.7464278109364104
moderate,26,normalized,0.90625,0.7777777777777778,6.791871170524807,5.619079289635785
moderate,26,di_normalized,0.889030612244898,0.7202216066481995,4.454561612894437,3.515112887141218
moderate,26,cqr,0.7177933673469388,0.43490304709141275,7.713000978396386,2.5944997700257315
moderate,26,di_cqr,0.779655612244898,0.48753462603878117,6.637285956911627,2.9934178588234395
moderate,26,localized,0.6747448979591837,0.37950138504155123,9.052152264921315,2.1069666900442656
moderate,26,weighted_oracle,0.9709821428571429,0.9002770083102493,16.947025613626668,16.73532239009497
moderate,26,width_matched_global,0.7535076530612245,0.3961218836565097,8.364570753912883,2.99341785882344
moderate,27,split,0.5191326530612245,0.14958448753462603,10.039992542610184,1.3449515912781742
moderate,27,normalized,0.8826530612244898,0.631578947368421,6.013843637082872,4.213184124453887
moderate,27,di_normalized,0.7598852040816326,0.4099722991689751,5.536341065804177,2.5784080401251512
moderate,27,cqr,0.828125,0.48476454293628807,6.684867706933471,3.4440792582600928
moderate,27,di_cqr,0.8867984693877551,0.5457063711911357,6.2813980867228025,3.9927189867739443
moderate,27,localized,0.6926020408163265,0.3185595567867036,7.083499082481767,2.108301171778324
moderate,27,weighted_oracle,0.9773596938775511,0.9269005847953217,35.1086639743649,35.006155821682555
moderate,27,width_matched_global,0.8826530612244898,0.49584487534626037,5.58444258281075,3.9927189867739443
moderate,28,split,0.6556122448979592,0.1286549707602339,11.170511593264186,1.8838854384574897
moderate,28,normalized,0.7244897959183674,0.12280701754385964,8.401103602410162,2.870596914059535
moderate,28,di_normalized,0.873405612244898,0.5964912280701754,5.119792018626363,3.5526041993011104
moderate,28,cqr,0.8542729591836735,0.7423822714681441,4.722135921981943,3.0605488233211102
moderate,28,di_cqr,0.8928571428571429,0.7922437673130194,4.545884044055574,3.328131942183595
moderate,28,localized,0.6916454081632653,0.14912280701754385,9.762957514168061,2.1100954646232744
moderate,28,weighted_oracle,0.9971301020408163,0.9806094182825484,22.625733717245865,22.601160797721235
moderate,28,width_matched_global,0.7943239795918368,0.19005847953216373,8.802472755646107,3.3281319421835955
moderate,29,split,0.5809948979591837,0.14681440443213298,11.062777675521126,1.5339090590734077
moderate,29,normalized,0.8325892857142857,0.4986149584487535,7.369190177769982,3.7296246295145252
moderate,29,di_normalized,0.7716836734693877,0.6257309941520468,5.435416846486813,2.7344824875285387
moderate,29,cqr,0.7372448979591837,0.29085872576177285,9.408799387615456,2.7629774733259085
moderate,29,di_cqr,0.8450255102040817,0.46537396121883656,7.383469247423609,3.850166920170542
moderate,29,localized,0.6326530612244898,0.2659279778393352,9.723302247075214,1.7734636825330665
moderate,29,weighted_oracle,0.9333545918367347,0.7923976608187134,23.49527238489126,22.802942471969576
moderate,29,width_matched_global,0.8514030612244898,0.49584487534626037,7.4738987182499725,3.850166920170542
severe,0,split,0.4732142857142857,0.23684210526315788,16.877807801725698,1.284539818720278
severe,0,normalized,0.8673469387755102,0.6882716049382716,8.222946845526524,5.612435696605435
severe,0,di_normalized,0.6846301020408163,0.4722222222222222,9.734169629356394,2.9366790751521434
severe,0,cqr,0.8121811224489796,0.404320987654321,6.709793003373572,3.7556231639436697
severe,0,di_cqr,0.8574617346938775,0.4660493827160494,6.414011551184034,4.080906654134118
severe,0,localized,0.5816326530612245,0.3487654320987654,14.379620191073789,1.7626020520325467
severe,0,weighted_oracle,0.9024234693877551,0.7631578947368421,34.07270267113752,32.485873764561205
severe,0,width_matched_global,0.8007015306122449,0.6011080332409973,10.292735427275707,4.080906654134118
severe,1,split,0.22895408163265307,0.0,39.193839397842254,0.7098194780557829
severe,1,normalized,0.6954719387755102,0.15204678362573099,16.011255089426204,5.920209547571264
severe,1,di_normalized,0.46683673469387754,0.0,21.595109457810548,3.265160793802566
severe,1,cqr,0.4926658163265306,0.0,22.488738780050017,3.1673955659155335
severe,1,di_cqr,0.5548469387755102,0.0,19.74062279245203,3.762641724945178
severe,1,localized,0.4528061224489796,0.008771929824561403,24.215536122119968,2.8228236351177176
severe,1,weighted_oracle,1.0,1.0,33.61281195002855,33.61281195002855
severe,1,width_matched_global,0.5162627551020408,0.005847953216374269,23.533323169079633,3.7626417249451762
severe,2,split,0.4257015306122449,0.10249307479224377,17.627121618205695,1.0423060844838243
severe,2,normalized,0.6715561224489796,0.24930747922437674,10.965010657096231,2.6632002519188993
severe,2,di_normalized,0.6900510204081632,0.25761772853185594,9.147606657713514,3.00327455049091
severe,2,cqr,0.5787627551020408,0.1883656509695291,13.420886384971528,2.0183875111816145
severe,2,di_cqr,0.6750637755102041,0.28254847645429365,10.668307162254429,2.7187543592469643
severe,2,localized,0.42538265306122447,0.10249307479224377,17.54372928625607,1.048825173886298
severe,2,weighted_oracle,0.9241071428571429,0.8393351800554016,24.394904569554967,23.22154257322153
severe,2,width_matched_global,0.6399872448979592,0.28254847645429365,11.662662134625188,2.7187543592469643
severe,3,split,0.4346301020408163,0.2188365650969529,13.196699700211221,1.3417587516762381
severe,3,normalized,0.7382015306122449,0.5672514619883041,8.000943946345844,4.1323162069086
severe,3,di_normalized,0.8816964285714286,0.6790123456790124,5.726890860890452,4.5682000506327425
severe,3,cqr,0.6690051020408163,0.4853801169590643,8.620548688985599,2.7741399400199405
severe,3,di_cqr,0.7034438775510204,0.5467836257309941,8.088025441701554,2.964999736974366
severe,3,localized,0.5455994897959183,0.32409972299168976,10.789374870493944,1.8218579378065967
severe,3,weighted_oracle,0.9824617346938775,0.956140350877193,37.094362332523154,36.94668628689811
severe,3,width_matched_global,0.7104591836734694,0.5263157894736842,8.016506451089068,2.9649997369743666
severe,4,split,0.43909438775510207,0.15789473684210525,14.14884173706893,1.1320918842391308
severe,4,normalized,0.6906887755102041,0.34210526315789475,8.85759276373236,2.9091645319568347
severe,4,di_normalized,0.7662627551020408,0.4678362573099415,7.1348668534335715,3.2464634432766255
severe,4,cqr,0.6495535714285714,0.2543859649122807,9.144243203995677,2.1660712785044773
severe,4,di_cqr,0.7366071428571429,0.29239766081871343,8.009051683407638,2.5724220584412785
severe,4,localized,0.3960459183673469,0.0886426592797784,14.950408569229179,0.971385059858629
severe,4,weighted_oracle,0.9751275510204082,0.8975069252077562,44.880099870434975,44.60944409426199
severe,4,width_matched_global,0.6935586734693877,0.4327485380116959,9.498344761184965,2.5724220584412785
severe,5,split,0.5009566326530612,0.19667590027700832,13.270523023594833,1.5828010162852524
severe,5,normalized,0.8262117346938775,0.6149584487534626,7.595890225566651,4.133117595561059
severe,5,di_normalized,0.7503188775510204,0.6081871345029239,6.143630903736521,3.3049704070270627
severe,5,cqr,0.7978316326530612,0.5679012345679012,7.563950989857657,3.6466625974108977
severe,5,di_cqr,0.9209183673469388,0.7922437673130194,6.748230659955819,5.169144285782401
severe,5,localized,0.6313775510204082,0.47368421052631576,9.297809978671003,2.5250399890132633
severe,5,weighted_oracle,0.9917091836734694,0.9532163742690059,36.63418521767752,36.511471744709475
severe,5,width_matched_global,0.921875,0.7313019390581718,7.36916592312398,5.1691442857824015
severe,6,split,0.3204719387755102,0.0,35.68364119628652,1.7076018007269642
severe,6,normalized,0.3944515306122449,0.013850415512465374,29.299350873147283,2.8187014157740298
severe,6,di_normalized,0.47225765306122447,0.16374269005847952,21.42108149551385,3.7055795505011813
severe,6,cqr,0.6603954081632653,0.3487654320987654,11.48829286490202,3.0729858976018285
severe,6,di_cqr,0.7544642857142857,0.4444444444444444,9.280028030868975,3.9084913984037386
severe,6,localized,0.336734693877551,0.002770083102493075,31.932270871628585,2.096900481356965
severe,6,weighted_oracle,0.9818239795918368,0.9239766081871345,62.671861574275475,62.52501882184645
severe,6,width_matched_global,0.4588647959183674,0.013850415512465374,24.554298906646423,3.9084913984037395
severe,7,split,0.3625637755102041,0.10818713450292397,15.917812498615682,0.8179475342063798
severe,7,normalized,0.7720025510204082,0.4099722991689751,7.733199127654156,4.2321787629548755
severe,7,di_normalized,0.5060586734693877,0.3216374269005848,10.13654184347194,1.7143830618523992
severe,7,cqr,0.7461734693877551,0.2543859649122807,9.297669187897112,3.3064198485631433
severe,7,di_cqr,0.7904974489795918,0.3538011695906433,8.509663367491891,3.7230112599918335
severe,7,localized,0.48373724489795916,0.26900584795321636,11.205387401854116,1.5064731703372984
severe,7,weighted_oracle,0.8507653061224489,0.6783625730994152,25.36145352036911,23.175659735841776
severe,7,width_matched_global,0.7780612244897959,0.5467836257309941,7.04079217119786,3.7230112599918344
severe,8,split,0.42538265306122447,0.08310249307479224,16.4058535598349,1.2283543686808827
severe,8,normalized,0.8335459183673469,0.590027700831025,8.519254963212623,4.962685314383606
severe,8,di_normalized,0.639030612244898,0.2299168975069252,9.81702201925214,2.8438097914941536
severe,8,cqr,0.6603954081632653,0.21606648199445982,9.865737789985703,2.5763782768031875
severe,8,di_cqr,0.7018494897959183,0.24653739612188366,9.208253450923598,2.803231691882373
severe,8,localized,0.5561224489795918,0.1440443213296399,12.968314923207442,1.9251755000713788
severe,8,weighted_oracle,0.9901147959183674,0.9649122807017544,29.716058128821096,29.646785419803862
severe,8,width_matched_global,0.6364795918367347,0.18005540166204986,10.658738818997229,2.803231691882373
severe,9,split,0.34853316326530615,0.0,25.789550750614158,1.0908058591075243
severe,9,normalized,0.5625,0.15789473684210525,14.48437934949034,3.392450810161708
severe,9,di_normalized,0.484375,0.013850415512465374,16.415251385150043,2.315005110273379
severe,9,cqr,0.37978316326530615,0.0,21.885096818437905,1.6381118009464626
severe,9,di_cqr,0.47831632653061223,0.002770083102493075,17.66655011549619,2.3241837590612553
severe,9,localized,0.3469387755102041,0.0,25.786199548627927,1.087449843241931
severe,9,weighted_oracle,0.9776785714285714,0.9502923976608187,39.30519313094398,39.127842189573656
severe,9,width_matched_global,0.49394132653061223,0.008310249307479225,19.95337065159405,2.3241837590612557
severe,10,split,0.36830357142857145,0.029239766081871343,15.142848448349811,1.0489814395115509
severe,10,normalized,0.8386479591836735,0.6703601108033241,6.414750835473854,4.52662603629781
severe,10,di_normalized,0.5044642857142857,0.18128654970760233,9.770002305697775,1.8610285857354314
severe,10,cqr,0.6957908163265306,0.2222222222222222,9.14945297823411,3.2793897404545302
severe,10,di_cqr,0.8048469387755102,0.35964912280701755,7.259165166322957,4.118691658594287
severe,10,localized,0.4091198979591837,0.1111111111111111,12.877874334927398,1.323156055568599
severe,10,weighted_oracle,0.9477040816326531,0.8642659279778393,53.00035849745802,52.484847044430936
severe,10,width_matched_global,0.8160076530612245,0.5116959064327485,6.2712315050992276,4.118691658594287
severe,11,split,0.5255102040816326,0.2953216374269006,12.496381201941382,1.4681934033183914
severe,11,normalized,0.9502551020408163,0.8070175438596491,8.546070017028866,7.7897756609693865
severe,11,di_normalized,0.8201530612244898,0.5380116959064327,6.5887173656673355,3.801410081648061
severe,11,cqr,0.7158801020408163,0.35964912280701755,9.385225528391828,2.619914935517842
severe,11,di_cqr,0.7487244897959183,0.391812865497076,8.827924424917283,2.854401486844123
severe,11,localized,0.6240433673469388,0.3654970760233918,10.422139308565873,1.9755467570992866
severe,11,weighted_oracle,0.9952168367346939,0.9824561403508771,31.01775080744158,30.999323049730158
severe,11,width_matched_global,0.7350127551020408,0.4473684210526316,8.913947631673379,2.854401486844123
severe,12,split,0.43239795918367346,0.1523545706371191,13.74201350510611,1.3406858689168708
severe,12,normalized,0.8549107142857143,0.6952908587257618,6.321948055117274,4.678638862993507
severe,12,di_normalized,0.7318239795918368,0.5233918128654971,6.007603252647012,3.2381914603186615
severe,12,cqr,0.78125,0.5069252077562327,7.367782915110252,3.9027745830431595
severe,12,di_cqr,0.8332270408163265,0.5235457063711911,6.855704408926038,4.342382977944456
severe,12,localized,0.48214285714285715,0.19113573407202217,12.092741435752314,1.5974301936478907
severe,12,weighted_oracle,0.9352678571428571,0.7728531855955678,30.516091754969537,30.019508849994857
severe,12,width_matched_global,0.8443877551020408,0.6177285318559557,6.467249023248048,4.342382977944456
severe,13,split,0.46205357142857145,0.15512465373961218,11.545798779188335,1.3637230906167663
severe,13,normalized,0.9014668367346939,0.6537396121883656,8.283607767697111,6.310679178838518
severe,13,di_normalized,0.8357780612244898,0.7407407407407407,5.557926859388649,3.8170534868157286
severe,13,cqr,0.8574617346938775,0.6929824561403509,5.974440596185149,4.025196108878903
severe,13,di_cqr,0.9103954081632653,0.7719298245614035,5.799706469270515,4.609288958531245
severe,13,localized,0.5331632653061225,0.19390581717451524,10.29140758089575,1.6091603816010323
severe,13,weighted_oracle,0.9722576530612245,0.9196675900277008,36.655180283291706,36.38681840986498
severe,13,width_matched_global,0.9094387755102041,0.6786703601108033,5.938104985523819,4.609288958531245
severe,14,split,0.40465561224489793,0.0221606648199446,18.316617467693302,1.2353194511737131
severe,14,normalized,0.8019770408163265,0.4515235457063712,10.475621956627654,4.588552324584874
severe,14,di_normalized,0.6371173469387755,0.0997229916897507,9.200272269221339,2.848567164803395
severe,14,cqr,0.625,0.21329639889196675,12.821496697062328,3.057209274126977
severe,14,di_cqr,0.7745535714285714,0.5041551246537396,9.316679639269855,4.35760013762055
severe,14,localized,0.40433673469387754,0.0886426592797784,17.612059355898424,1.3320993883530707
severe,14,weighted_oracle,0.9875637755102041,0.9444444444444444,29.481819882134655,29.35891364414538
severe,14,width_matched_global,0.7707270408163265,0.23268698060941828,9.117852025038415,4.357600137620551
severe,15,split,0.5293367346938775,0.21606648199445982,12.031759044013748,1.5559834089192284
severe,15,normalized,0.8686224489795918,0.6900584795321637,6.467309615045648,4.354461518988709
severe,15,di_normalized,0.7681760204081632,0.5096952908587258,5.79979415888714,2.9682003596801048
severe,15,cqr,0.7193877551020408,0.29085872576177285,8.649498597787462,2.9290991458226694
severe,15,di_cqr,0.7566964285714286,0.3379501385041551,8.099764225956587,3.1806290509175974
severe,15,localized,0.5344387755102041,0.21052631578947367,11.748059367026478,1.5864539219068052
severe,15,weighted_oracle,0.9559948979591837,0.8725761772853186,29.167430306227413,28.7863142200693
severe,15,width_matched_global,0.7525510204081632,0.45614035087719296,7.918964947025287,3.180629050917597
severe,16,split,0.39285714285714285,0.15512465373961218,17.396412023133745,1.1204819772584607
severe,16,normalized,0.6820790816326531,0.39766081871345027,11.699293920458999,3.2327488434715126
severe,16,di_normalized,0.765625,0.5041551246537396,7.001686593893654,3.677697394651612
severe,16,cqr,0.5806760204081632,0.3216374269005848,12.477127296028046,2.4290941944455566
severe,16,di_cqr,0.7238520408163265,0.5701754385964912,9.873397589204847,3.2265195689543584
severe,16,localized,0.492984693877551,0.21929824561403508,14.0765121479777,1.6778342377640445
severe,16,weighted_oracle,0.9751275510204082,0.9415204678362573,30.484370162663865,30.33645795179035
severe,16,width_matched_global,0.7139668367346939,0.554016620498615,10.323191697458883,3.226519568954359
severe,17,split,0.44387755102040816,0.1994459833795014,17.92488299576421,1.1573630525124237
severe,17,normalized,0.890625,0.5116959064327485,7.9489855151078785,5.9849094910500895
severe,17,di_normalized,0.6795280612244898,0.35964912280701755,8.816938379071876,2.824574213860534
severe,17,cqr,0.8019770408163265,0.3888888888888889,8.3157056411573,4.310613946250633
severe,17,di_cqr,0.8348214285714286,0.43567251461988304,7.8647899202890965,4.686790241665075
severe,17,localized,0.4633290816326531,0.25761772853185594,17.468354716413984,1.2064240649193614
severe,17,weighted_oracle,0.9623724489795918,0.8725761772853186,43.660885759177916,43.34594823750747
severe,17,width_matched_global,0.8137755102040817,0.5584795321637427,9.122811426546575,4.686790241665074
severe,18,split,0.5886479591836735,0.3850415512465374,10.89580784035023,1.6310130945080277
severe,18,normalized,0.8405612244897959,0.7617728531855956,7.370745290626716,3.836097635633281
severe,18,di_normalized,0.842155612244898,0.6066481994459834,5.513584316958163,3.8065028910049805
severe,18,cqr,0.8019770408163265,0.6481994459833795,7.7565169706147605,3.2409606262429325
severe,18,di_cqr,0.828125,0.6786703601108033,7.486436416084432,3.4343150312467072
severe,18,localized,0.6246811224489796,0.42105263157894735,9.935988915336482,1.7955624312028031
severe,18,weighted_oracle,0.9620535714285714,0.8227146814404432,37.6852486440642,37.426802742350624
severe,18,width_matched_global,0.8287627551020408,0.6786703601108033,7.832599619726546,3.4343150312467072
severe,19,split,0.34470663265306123,0.043859649122807015,22.908881732337292,0.7859697347550583
severe,19,normalized,0.47512755102040816,0.060941828254847646,18.90301716966814,1.6568862456435216
severe,19,di_normalized,0.564094387755102,0.20498614958448755,12.698979215195056,2.2851164005424254
severe,19,cqr,0.5886479591836735,0.296398891966759,12.704350040649405,2.3979401284204647
severe,19,di_cqr,0.6521045918367347,0.34349030470914127,11.51684038528757,2.668317728120887
severe,19,localized,0.36447704081632654,0.049707602339181284,22.357920423809247,0.8554395428191501
severe,19,weighted_oracle,0.9725765306122449,0.9239766081871345,36.59387802780923,36.480301781578234
severe,19,width_matched_global,0.5915178571428571,0.1994459833795014,15.180984570866283,2.668317728120887
severe,20,split,0.3335459183673469,0.05263157894736842,22.639756979924854,1.1862427967594513
severe,20,normalized,0.6728316326530612,0.13742690058479531,14.483455623797537,3.843828135778534
severe,20,di_normalized,0.6154336734693877,0.39335180055401664,9.25407692821287,3.3669395635001136
severe,20,cqr,0.5656887755102041,0.09649122807017543,17.02578656426479,2.8186687272140465
severe,20,di_cqr,0.6154336734693877,0.1286549707602339,14.987234826065471,3.3574886852733288
severe,20,localized,0.5621811224489796,0.23822714681440443,12.680336829338225,2.973837276308193
severe,20,weighted_oracle,1.0,1.0,29.97912436641229,29.97912436641229
severe,20,width_matched_global,0.5886479591836735,0.1608187134502924,13.243729386830182,3.3574886852733288
severe,21,split,0.5267857142857143,0.18282548476454294,9.270508038422518,1.3693297471142303
severe,21,normalized,0.8842474489795918,0.7700831024930748,5.203596027939056,4.271748781366081
severe,21,di_normalized,0.7777423469387755,0.6648199445983379,4.940008737714879,2.6841487517488365
severe,21,cqr,0.7337372448979592,0.49707602339181284,5.591075282810795,2.3348558111221824
severe,21,di_cqr,0.8418367346938775,0.6929824561403509,4.646693877389981,2.9339914158291234
severe,21,localized,0.5363520408163265,0.1634349030470914,8.996746652275684,1.4173040444665803
severe,21,weighted_oracle,0.9432397959183674,0.9012345679012346,41.36413649549004,40.91769633637113
severe,21,width_matched_global,0.7955994897959183,0.43490304709141275,5.709773414424823,2.933991415829123
severe,22,split,0.48533163265306123,0.16066481994459833,11.880497815176676,1.2850248891073262
severe,22,normalized,0.7876275510204082,0.2993827160493827,8.5445709712129,3.0492047376653018
severe,22,di_normalized,0.7691326530612245,0.5740740740740741,5.618312502078509,2.983396697755681
severe,22,cqr,0.6830357142857143,0.3487654320987654,7.831596241416651,2.5866896032727933
severe,22,di_cqr,0.7621173469387755,0.4166666666666667,6.735335682035293,3.054171576551735
severe,22,localized,0.5940688775510204,0.296398891966759,8.677316516873784,1.8902896494480599
severe,22,weighted_oracle,0.9853316326530612,0.9590643274853801,45.514340636310386,45.41769961748839
severe,22,width_matched_global,0.7630739795918368,0.37950138504155123,7.2895739257185905,3.0541715765517345
severe,23,split,0.4674744897959184,0.19883040935672514,15.771749266329092,1.5980969315445905
severe,23,normalized,0.7790178571428571,0.42105263157894735,9.6114661998479,4.475437334948438
severe,23,di_normalized,0.7691326530612245,0.39473684210526316,7.521634914091833,3.7430404391686216
severe,23,cqr,0.795280612244898,0.481994459833795,8.135817786697114,3.8856610967032768
severe,23,di_cqr,0.8478954081632653,0.5650969529085873,7.67470937007057,4.303649940299199
severe,23,localized,0.6380739795918368,0.16666666666666666,12.298738213778362,2.486807423772347
severe,23,weighted_oracle,0.9955357142857143,0.961218836565097,37.28222433391572,37.24591430840004
severe,23,width_matched_global,0.7930484693877551,0.543859649122807,9.07884941299588,4.303649940299197
severe,24,split,0.4075255102040816,0.05817174515235457,13.268486706263118,1.0858670339390226
severe,24,normalized,0.7726403061224489,0.3739612188365651,6.748952270451438,3.665870996587597
severe,24,di_normalized,0.5966198979591837,0.1883656509695291,7.771243051177779,2.1842639165669913
severe,24,cqr,0.7745535714285714,0.4506172839506173,5.5087285977437785,3.2410568471879477
severe,24,di_cqr,0.8360969387755102,0.5462962962962963,5.063404747129442,3.600343157452805
severe,24,localized,0.49107142857142855,0.05263157894736842,11.192031824914663,1.4500417559034835
severe,24,weighted_oracle,0.9776785714285714,0.9418282548476454,49.9649120610208,49.762549981532295
severe,24,width_matched_global,0.7904974489795918,0.5401662049861495,5.991273034349088,3.600343157452805
severe,25,split,0.5618622448979592,0.39197530864197533,10.06557116315529,1.644733825644611
severe,25,normalized,0.7557397959183674,0.6578947368421053,6.43595454481148,3.233898131637797
severe,25,di_normalized,0.8753188775510204,0.7690058479532164,4.813978249039857,3.6295386043448126
severe,25,cqr,0.7806122448979592,0.5771604938271605,5.936760564726925,2.9181366643450306
severe,25,di_cqr,0.9174107142857143,0.8088642659279779,4.987052415741468,4.238435329214975
severe,25,localized,0.6173469387755102,0.4074074074074074,8.819560046246199,1.9308776485418975
severe,25,weighted_oracle,0.9818239795918368,0.9335180055401662,43.83312631420531,43.69152911937739
severe,25,width_matched_global,0.8654336734693877,0.7631578947368421,5.653150188211249,4.238435329214974
severe,26,split,0.4805484693877551,0.23545706371191136,11.639417201084951,1.260611042407855
severe,26,normalized,0.8871173469387755,0.7922437673130194,6.687617577810461,4.890600686792787
severe,26,di_normalized,0.8214285714285714,0.631578947368421,5.213437781147965,3.322229648630268
severe,26,cqr,0.6552933673469388,0.42382271468144045,8.701673941554667,2.2601159345028803
severe,26,di_cqr,0.7248086734693877,0.4930747922437673,7.700018754447898,2.6457098731491757
severe,26,localized,0.5063775510204082,0.24930747922437674,11.259103740105047,1.3368108253825344
severe,26,weighted_oracle,0.9113520408163265,0.7748538011695907,23.529468383078378,22.858249597855917
severe,26,width_matched_global,0.7350127551020408,0.48753462603878117,7.767994103908159,2.645709873149176
severe,27,split,0.3580994897959184,0.04986149584487535,15.55084147615214,0.9284325136687571
severe,27,normalized,0.857780612244898,0.4766081871345029,10.110433756502129,5.279186436173144
severe,27,di_normalized,0.6792091836734694,0.25146198830409355,7.672955232337429,2.6380622349620606
severe,27,cqr,0.7879464285714286,0.40350877192982454,9.956763536372412,3.972280963713496
severe,27,di_cqr,0.8163265306122449,0.45321637426900585,9.551720363500126,4.298088515999119
severe,27,localized,0.5223214285714286,0.08310249307479224,12.79431864927158,1.5395415428653065
severe,27,weighted_oracle,0.9834183673469388,0.9590643274853801,36.98565821704041,36.81881759254785
severe,27,width_matched_global,0.8590561224489796,0.47645429362880887,7.002736887051083,4.298088515999119
severe,28,split,0.623405612244898,0.06432748538011696,12.360810352743004,2.2511347374576176
severe,28,normalized,0.6782525510204082,0.09649122807017543,11.168611172387,4.195588212031037
severe,28,di_normalized,0.9422831632653061,0.8116343490304709,5.9110048654389775,5.489125633880848
severe,28,cqr,0.7468112244897959,0.39473684210526316,6.601675855557476,3.0177216984532156
severe,28,di_cqr,0.7971938775510204,0.4824561403508772,6.102275561165354,3.262589184481087
severe,28,localized,0.6460459183673469,0.049707602339181284,13.157177518513107,2.188664656655429
severe,28,weighted_oracle,0.9850127551020408,0.9444444444444444,28.134575273604362,28.037263273985175
severe,28,width_matched_global,0.7394770408163265,0.09941520467836257,10.149955546088739,3.262589184481087
severe,29,split,0.4075255102040816,0.05263157894736842,15.66360746100219,1.0275313761963722
severe,29,normalized,0.6683673469387755,0.17174515235457063,10.926826544806309,2.773366714148515
severe,29,di_normalized,0.6980229591836735,0.3656509695290859,6.699518670574599,2.935200784316897
severe,29,cqr,0.7729591836734694,0.407202216066482,7.92116811604269,3.5074770739347243
severe,29,di_cqr,0.8067602040816326,0.47368421052631576,7.52732798166502,3.7342846714468716
severe,29,localized,0.5829081632653061,0.10803324099722991,12.675513720564973,1.9771636050144978
severe,29,weighted_oracle,0.9993622448979592,0.9938271604938271,35.133893488374824,35.13055205053275
severe,29,width_matched_global,0.7866709183673469,0.29916897506925205,8.193321275554474,3.7342846714468716
