regime,metric,baseline,mean_diff,sd,ci_lo,ci_hi,p_value,wilcoxon_p
none,true_marginal,split,0.02918563480020231,0.01921738111717741,0.022009746758629035,0.03636152284177558,3.604291499868308e-09,3.5131524482033455e-06
none,worst_region_coverage,split,0.059639750066375584,0.047250300079702,0.04199619805295312,0.07728330207979806,1.346668618567894e-07,3.1478703022003174e-07
none,mean_interval_score,split,0.005430803747774841,0.2080091465871705,-0.0722410880896898,0.08310269558523949,0.8872775453376002,0.6120056137442589
none,mean_width,split,0.4212152974755653,0.25633631572048804,0.3254977441115733,0.5169328508395573,6.805803168270754e-10,1.30385160446167e-08
none,true_marginal,normalized,0.030121396054628224,0.028616916335747283,0.01943566387976707,0.04080712822948938,3.039036913390237e-06,4.0638762547686825e-05
none,worst_region_coverage,normalized,0.04519487891773923,0.052438651146671504,0.02561396477625492,0.06477579305922354,5.511703023681557e-05,0.00022713112288491198
none,mean_interval_score,normalized,0.22262328372492396,0.23449378845149194,0.1350618640854812,0.3101847033643667,1.4550297675541387e-05,2.366676926612854e-05
none,mean_width,normalized,0.49861751580133207,0.27546279067154855,0.39575801931606397,0.6014770122866002,8.018811234128308e-11,1.862645149230957e-09
none,true_marginal,di_normalized,0.026403641881638837,0.01732441641576416,0.019934598476239733,0.03287268528703794,3.3504538225291955e-09,3.1797762823178307e-06
none,worst_region_coverage,di_normalized,0.046907083866835064,0.04096874914967045,0.03160910151904493,0.062205066214625196,7.59105093991618e-07,3.1482872047837304e-05
none,mean_interval_score,di_normalized,0.1701265009498217,0.22173710790207346,0.0873285041121945,0.2529244977874489,0.00023034706390338898,0.0002562887966632843
none,mean_width,di_normalized,0.47197212788580306,0.2367126732259021,0.38358216305483644,0.5603620927167696,8.622817105390044e-12,1.862645149230957e-09
none,true_marginal,di_normalized_auto,0.028262518968133525,0.018486306153018283,0.021359618804607475,0.035165419131659575,3.140198640648535e-09,2.351977194551935e-06
none,worst_region_coverage,di_normalized_auto,0.045677916931997437,0.04122657703586227,0.03028366006927591,0.061072173794718965,1.3197049801647218e-06,5.973502993583679e-06
none,mean_interval_score,di_normalized_auto,0.1788903033689629,0.21825048702851915,0.09739423216206976,0.260386374575856,0.00010454111770464974,0.0001528710126876831
none,mean_width,di_normalized_auto,0.4845540874547423,0.23798782595497045,0.39568797276943773,0.5734202021400469,5.260933461097583e-12,1.862645149230957e-09
none,true_marginal,di_cqr_auto,0.010609509357612535,0.012856125307133998,0.005808953272997588,0.015410065442227481,9.60537216217806e-05,0.00021282941901437674
none,worst_region_coverage,di_cqr_auto,0.01602732458790249,0.02528097281890882,0.006587254194107215,0.025467394981697762,0.0016390736916943977,0.0017205620157967293
none,mean_interval_score,di_cqr_auto,0.0617108990567462,0.10406878488749385,0.02285097613479739,0.100570821978695,0.002935379395803011,0.00031275488436222076
none,mean_width,di_cqr_auto,0.1333508347162326,0.15844962317846478,0.0741847730543854,0.1925168963780798,7.49726749210215e-05,2.348795533180237e-06
none,true_marginal,region_mondrian,-0.01418816388467377,0.021692664466683702,-0.022288337919167837,-0.006087989850179701,0.0012267019508926467,0.001767692182399068
none,worst_region_coverage,region_mondrian,0.011630193150619845,0.07866667849903182,-0.017744427359295108,0.041004813660534795,0.4246725153763127,0.46454504504799843
none,mean_interval_score,region_mondrian,-0.32269758455213043,0.25757441174548174,-0.4188774505697509,-0.22651771853450997,1.5440223550989574e-07,1.0244548320770264e-07
none,mean_width,region_mondrian,-0.3692317240094331,0.3065184323911486,-0.48368758769376075,-0.25477586032510546,3.133760401428249e-07,4.7124922275543213e-07
none,true_marginal,di_mondrian,0.0012266059686393308,0.017630531589507115,-0.005356742721190163,0.007809954658468825,0.7059317133668972,0.8050323210577337
none,worst_region_coverage,di_mondrian,0.0007588382089502225,0.048039192715384246,-0.01717929115587926,0.018696967573779706,0.9316480635931088,0.7456546742469072
none,mean_interval_score,di_mondrian,0.010497529056231159,0.24555289987712722,-0.08119343065663542,0.10218848876909775,0.8165102245595242,0.28936620615422726
none,mean_width,di_mondrian,0.10299423179412628,0.30674628846331553,-0.011546714745846079,0.21753517833409863,0.07616757234558454,0.04048972204327583
none,true_marginal,cqr,0.036305007587253406,0.02106464907541603,0.028439338353837225,0.04417067682066959,2.3995212973937546e-10,3.1702747478117324e-06
none,worst_region_coverage,cqr,0.06227776199811399,0.032382111674278125,0.050186082777752425,0.07436944121847555,2.001782235167409e-11,1.862645149230957e-09
none,mean_interval_score,cqr,0.07564346258929554,0.13937925951426197,0.02359839174987033,0.12768853342872075,0.0058878785560917,0.01453801617026329
none,mean_width,cqr,0.3678488181395314,0.20403709517881002,0.2916601146734672,0.4440375216055956,8.780165752345159e-11,3.725290298461914e-09
none,true_marginal,localized,0.03296661608497723,0.019111319225517467,0.025830332204625953,0.04010289996532851,2.3545778810336007e-10,3.5149630812742274e-06
none,worst_region_coverage,localized,0.0534334792193382,0.04694327946790464,0.03590457058647209,0.07096238785220431,8.388068323785119e-07,9.98377799987793e-07
none,mean_interval_score,localized,0.1445270559745759,0.20800333847869176,0.06685733292046019,0.22219677902869162,0.0006761615938582461,0.0012321043759584427
none,mean_width,localized,0.4867503548445974,0.24966601901027935,0.39352353120619465,0.5799771784830001,1.458245871525591e-11,3.725290298461914e-09
none,true_marginal,localized_cqr,0.03982043500252907,0.02313296878938482,0.031182442495139184,0.04845842750991895,2.466076747005449e-10,3.1797762823178307e-06
none,worst_region_coverage,localized_cqr,0.05496294445253973,0.03136610155334911,0.0432506496463414,0.06667523925873806,1.6611642431712964e-10,4.6566128730773926e-08
none,mean_interval_score,localized_cqr,0.12609522386952204,0.1705139895306029,0.062424253775688526,0.18976619396335556,0.0003488228678702751,0.00018860027194023132
none,mean_width,localized_cqr,0.40393748470748,0.2104058016557169,0.32537066715972773,0.4825043022552322,2.0858973005040232e-11,3.725290298461914e-09
none,true_marginal,geo_localized,0.03473697521497218,0.02061711123513956,0.0270384193575467,0.04243553107239766,3.9504647015781297e-10,2.1240054136324972e-06
none,worst_region_coverage,geo_localized,0.055635209712263135,0.04155446656136838,0.04011851688853892,0.07115190253598734,4.452174263294036e-08,2.0489096641540527e-07
none,mean_interval_score,geo_localized,0.09454898814486565,0.19370629853814855,0.022217867542024428,0.16688010874770687,0.012198482300770766,0.008705463260412216
none,mean_width,geo_localized,0.4905124862680695,0.2618714212007025,0.392728090550162,0.588296881985977,3.6796763673924024e-11,1.862645149230957e-09
none,true_marginal,weighted_oracle,0.03189175518462316,0.01921092412942216,0.024718278221902666,0.03906523214734365,5.455405842188785e-10,2.8768627254590153e-06
none,worst_region_coverage,weighted_oracle,0.06364813769780818,0.0494208082285934,0.0451941046217062,0.08210217077391016,9.27433826001012e-08,2.551823854446411e-07
none,mean_interval_score,weighted_oracle,0.006973042532208155,0.2094061055471016,-0.07122048235369396,0.08516656741811027,0.8565481285545515,0.6554384250193834
none,mean_width,weighted_oracle,0.4459890996169971,0.26006101719449903,0.34888071986501745,0.5430974793689768,2.678483966706549e-10,9.313225746154785e-09
none,true_marginal,weighted_estimated,0.03215730905412238,0.017797781173826365,0.02551150834313784,0.038803109765106925,8.355570403953814e-11,2.1200645961349566e-06
none,worst_region_coverage,weighted_estimated,0.06446513030484625,0.05058115235735457,0.045577817610313626,0.08335244299937888,1.1263204108344524e-07,4.7124922275543213e-07
none,mean_interval_score,weighted_estimated,0.013849977652147032,0.20733204173088698,-0.06356907907675263,0.0912690343810467,0.7171072969277072,0.39305018074810505
none,mean_width,weighted_estimated,0.4544076557393178,0.25521582189492,0.35910850164599245,0.5497068098326432,1.1628033858775585e-10,1.862645149230957e-09
none,true_marginal,width_matched_global,-0.004451188669701585,0.01601615639935636,-0.010431719756498762,0.0015293424170955928,0.13878390471498595,0.10194726700950263
none,worst_region_coverage,width_matched_global,0.012435197929537753,0.041030750401351866,-0.0028859360661169058,0.02775633192519241,0.107694535547919,0.06666470877826214
none,mean_interval_score,width_matched_global,-0.11936106045500833,0.1491338297825358,-0.1750485476940451,-0.06367357321597156,0.000139933791673529,0.00011058151721954346
none,mean_width,width_matched_global,-5.921189464667501e-17,3.2431690370603286e-16,-1.8031381674489344e-16,6.189002745154342e-17,0.32558198801619365,0.31731050786291415
mild,true_marginal,split,0.14131259484066766,0.06351286959250374,0.11759649957170984,0.16502869010962548,6.223403489517311e-13,1.7333066441991056e-06
mild,worst_region_coverage,split,0.25758943587793826,0.1302498945935467,0.20895332592461227,0.30622554583126427,1.0443303893686974e-11,1.862645149230957e-09
mild,mean_interval_score,split,-0.9853963268485053,1.1410097449425336,-1.4114563677108416,-0.5593362859861689,5.366590306468762e-05,1.597777009010315e-05
mild,mean_width,split,1.3764343979653644,0.62395180326589,1.1434469655845985,1.6094218303461303,7.666428003644941e-13,1.862645149230957e-09
mild,true_marginal,normalized,0.048545776428932735,0.0424537383984259,0.03269328998263751,0.06439826287522796,7.756949752448958e-07,2.551823854446411e-07
mild,worst_region_coverage,normalized,0.08645113447828301,0.0875716926918506,0.05375132702085155,0.11915094193571446,8.184901783951617e-06,2.7623027563095093e-06
mild,mean_interval_score,normalized,0.03137368473202599,0.5733441654500563,-0.1827165451214764,0.24546391458552835,0.7665311216989563,0.39305018074810505
mild,mean_width,normalized,0.6192658982990392,0.5745902088911592,0.40471038817796184,0.8338214084201165,2.0785666096065266e-06,1.1920928955078125e-06
mild,true_marginal,di_normalized,0.07551846231664137,0.05498642126993289,0.05498619517608232,0.09605072945720043,2.7213182727183164e-08,2.1253203734574536e-06
mild,worst_region_coverage,di_normalized,0.10809033791050088,0.14386239746890547,0.05437123584687864,0.16180943997412311,0.00029228191667813496,4.4075772166252136e-05
mild,mean_interval_score,di_normalized,0.2412647034367247,0.6210665160504834,0.009354655008501273,0.4731747518649482,0.04198565524747754,0.036434996873140335
mild,mean_width,di_normalized,0.94063812682962,0.5992893368441937,0.716859810758306,1.164416442900934,1.8103879360690685e-09,1.862645149230957e-09
mild,true_marginal,di_normalized_auto,0.06789327263530603,0.058132363415035825,0.0461862913918796,0.08960025387873247,5.393933916148348e-07,3.877617751443255e-06
mild,worst_region_coverage,di_normalized_auto,0.08506527281578331,0.1499222027038379,0.029083402289878442,0.1410471433416882,0.004195144010317046,0.0003449581563472748
mild,mean_interval_score,di_normalized_auto,0.29585738396832273,0.6146169614427082,0.06635563880999903,0.5253591291266464,0.013314912597679692,0.005382779985666275
mild,mean_width,di_normalized_auto,0.8003343972821385,0.6218474837685258,0.5681327307153881,1.032536063848889,9.389862150975525e-08,1.0244548320770264e-07
mild,true_marginal,di_cqr_auto,0.0165149215983814,0.015126924684087086,0.010866435091065697,0.0221634081056971,1.6835878396089175e-06,1.2361147724120169e-05
mild,worst_region_coverage,di_cqr_auto,0.03323018993028307,0.0354848960562655,0.019979911980650238,0.04648046787991591,1.7712333333134995e-05,2.6297574488720744e-05
mild,mean_interval_score,di_cqr_auto,0.019902683239951695,0.1553245680377108,-0.038096463654630534,0.07790183013453392,0.4883798171738024,0.28008678182959557
mild,mean_width,di_cqr_auto,0.2251777006419955,0.24258166557163657,0.13459621805254532,0.3157591832314457,2.006913693263821e-05,4.7124922275543213e-07
mild,true_marginal,region_mondrian,0.09333586241780474,0.055069980559016844,0.0727723937259186,0.11389933110969089,3.470427610006789e-10,1.7333066441991056e-06
mild,worst_region_coverage,region_mondrian,0.22869917247208268,0.1512558779501825,0.17221929942475037,0.285179045519415,3.949826888894378e-09,3.5390257835388184e-08
mild,mean_interval_score,region_mondrian,-0.7656101597887478,0.9346067715119383,-1.1145980637269808,-0.41662225585051477,0.00010529843876156444,2.0798295736312866e-05
mild,mean_width,region_mondrian,0.8926128940889959,0.5941815029077333,0.6707418745550975,1.1144839136228943,4.5130695140978305e-09,8.009374141693115e-08
mild,true_marginal,di_mondrian,0.05194739504299443,0.04101268511150256,0.03663300673743182,0.06726178334855704,1.2629225368003973e-07,5.748385897965446e-06
mild,worst_region_coverage,di_mondrian,0.1042204864666622,0.08894804668986106,0.07100673998002208,0.13743423295330232,5.098632441137515e-07,8.326023817062378e-07
mild,mean_interval_score,di_mondrian,-0.011131935314418051,0.5560075125075803,-0.21874855256835452,0.1964846819395184,0.9134338827339106,0.8871948085725307
mild,mean_width,di_mondrian,0.726614902870305,0.5470634099647553,0.522338068393653,0.9308917373469568,5.185432123957479e-08,1.6391277313232422e-07
mild,true_marginal,cqr,0.05340161861406171,0.020561192064353365,0.045723943318170215,0.0610792939099532,1.3078904594464935e-14,1.7311263949197288e-06
mild,worst_region_coverage,cqr,0.1056647847548939,0.04973465394150086,0.08709355976359706,0.12423600974619073,1.9047587337553285e-12,1.862645149230957e-09
mild,mean_interval_score,cqr,-0.10334142758316621,0.35142080528491093,-0.23456411286102524,0.027881257694692838,0.11808338101602624,0.10483990423381329
mild,mean_width,cqr,0.6007916177814212,0.2693831784898115,0.500202285793923,0.7013809497689194,5.871766981289666e-13,1.862645149230957e-09
mild,true_marginal,localized,0.11348002023267577,0.05825842143372773,0.0917259681514822,0.13523407231386933,1.4887753436492335e-11,1.862645149230957e-09
mild,worst_region_coverage,localized,0.191760862548933,0.14961471092136436,0.13589381134160644,0.24762791375625953,1.0144022852293838e-07,4.800857940209393e-06
mild,mean_interval_score,localized,-0.3321231707773053,0.7681193854162148,-0.61894366305458,-0.04530267850003056,0.02475220361484806,0.024786051362752914
mild,mean_width,localized,1.2372396234024816,0.5923702741203917,1.0160449278128496,1.4584343189921136,2.8676716151377143e-12,1.862645149230957e-09
mild,true_marginal,localized_cqr,0.05459028831562974,0.02367282392333995,0.04575071058826064,0.06342986604299883,2.584583645416095e-13,1.7333066441991056e-06
mild,worst_region_coverage,localized_cqr,0.09758585818088777,0.06375686223126355,0.07377865456329324,0.1213930617984823,3.066044934015745e-09,3.725290298461914e-09
mild,mean_interval_score,localized_cqr,0.0015310239989406948,0.3823465152880775,-0.14123951117770212,0.14430155917558352,0.9826521221106204,0.9838335812091827
mild,mean_width,localized_cqr,0.6176699491602523,0.3187667628239486,0.49864048372727615,0.7366994145932284,1.682024384158884e-11,1.862645149230957e-09
mild,true_marginal,geo_localized,0.13651997976732425,0.05055931080139864,0.11764082284382191,0.15539913669082658,4.833211372677811e-15,1.862645149230957e-09
mild,worst_region_coverage,geo_localized,0.21940216134724325,0.12194429366882954,0.17386741374867037,0.2649369089458161,9.191104519993143e-11,1.862645149230957e-09
mild,mean_interval_score,geo_localized,-0.7029968616699956,1.031352887746888,-1.0881103591178714,-0.3178833642221199,0.0008208225906985767,0.00046010687947273254
mild,mean_width,geo_localized,1.3725238222465208,0.5457865434668832,1.168723777555995,1.5763238669370465,2.965699402660993e-14,1.862645149230957e-09
mild,true_marginal,weighted_oracle,-0.001947395042994434,0.05738384296162186,-0.023374874155627137,0.019480084069638266,0.8538354821585115,1.0
mild,worst_region_coverage,weighted_oracle,-0.01097712108266176,0.16495769176561298,-0.07257333549339273,0.050619093328069215,0.7181422211309771,0.6554384250193834
mild,mean_interval_score,weighted_oracle,-6.488202400366262,3.5493331626843228,-7.813545184711623,-5.162859616020901,6.41682351880351e-11,1.862645149230957e-09
mild,mean_width,weighted_oracle,-6.5890297268535445,3.431243842021485,-7.870277234177808,-5.307782219529281,2.0733131031545254e-11,1.862645149230957e-09
mild,true_marginal,weighted_estimated,0.04214719271623671,0.044193362161038884,0.025645120081331588,0.05864926535114183,1.3624096069828711e-05,3.453157842159271e-05
mild,worst_region_coverage,weighted_estimated,0.09578903378616717,0.0879446488887912,0.06294996219605611,0.12862810537627822,1.749658503095668e-06,5.144625902175903e-06
mild,mean_interval_score,weighted_estimated,-1.7923719967896155,2.584644508952289,-2.757494117770526,-0.827249875808705,0.0006898373888637699,5.973502993583679e-06
mild,mean_width,weighted_estimated,-1.091029862969477,2.5724357187451172,-2.0515931467646373,-0.1304665791743168,0.027396126197131845,0.04048972204327583
mild,true_marginal,width_matched_global,0.00595599393019726,0.028225713241069796,-0.004583660608392559,0.01649564846878708,0.2572104717676815,0.32347966181784216
mild,worst_region_coverage,width_matched_global,0.0565719418175807,0.08876812192102987,0.023425380343776933,0.08971850329138446,0.0015624135091829288,0.001340603455901146
mild,mean_interval_score,width_matched_global,-0.4315450901269729,0.6835144856314089,-0.6867735936247971,-0.17631658662914873,0.0017015447114717675,0.00023163668811321259
mild,mean_width,width_matched_global,1.4802973661668754e-17,5.405514709694241e-16,-1.8704226283193207e-16,2.1664821015526958e-16,0.8818080742185466,0.8837890340073504
moderate,true_marginal,split,0.3214592817400101,0.07200619859973503,0.29457172529824655,0.34834683818177364,6.636425820042551e-21,1.862645149230957e-09
moderate,worst_region_coverage,split,0.3516551832285331,0.1519176523146468,0.29492819957236066,0.4083821668847056,2.353989513275557e-13,1.862645149230957e-09
moderate,mean_interval_score,split,-5.523485987718288,2.7283546533383523,-6.542270358527347,-4.504701616909228,6.020587379964622e-12,1.862645149230957e-09
moderate,mean_width,split,2.3607885263244257,0.7172685664598565,2.09295604190463,2.6286210107442214,2.683450726543319e-17,1.862645149230957e-09
moderate,true_marginal,normalized,0.059686393525543745,0.07429461268350411,0.031944329221457145,0.08742845782963035,0.00013371301171957224,0.00023163668811321259
moderate,worst_region_coverage,normalized,0.062056034079097815,0.15538263819558282,0.004035203431203657,0.12007686472699197,0.036917509792686855,0.026228994131088257
moderate,mean_interval_score,normalized,-0.6484730210960191,1.8158536232875016,-1.3265239074860031,0.029577865293965,0.06015759167412497,0.140283040702343
moderate,mean_width,normalized,0.535068062938293,1.017146654801202,0.15525926005255153,0.9148768658240345,0.007378268303457402,0.001718590036034584
moderate,true_marginal,di_normalized,0.07472180070814366,0.09395174875692398,0.039639641163153064,0.10980396025313426,0.00015099091888272646,0.0004531983626561095
moderate,worst_region_coverage,di_normalized,0.056244286906232045,0.19744702943482112,-0.017483645569387342,0.12997221938185144,0.129553477629425,0.140283040702343
moderate,mean_interval_score,di_normalized,0.09316547174618081,2.1217411725280044,-0.6991057026881023,0.885436646180464,0.8116312939900721,0.7151329666376114
moderate,mean_width,di_normalized,0.5924423770114353,0.8286186613583689,0.28303108382793857,0.901853670194932,0.0005022083092017123,0.0007978975772857666
moderate,true_marginal,di_normalized_auto,-0.0002402630247850479,0.0908310212778422,-0.03415712377793687,0.03367659772836678,0.9885397382328645,0.9426059674637922
moderate,worst_region_coverage,di_normalized_auto,-0.03496428319140736,0.20716541376423614,-0.11232112001500408,0.042392553632189356,0.3628977678121611,0.4051305894807967
moderate,mean_interval_score,di_normalized_auto,0.26297654025399547,1.8903247219637267,-0.44288231139280904,0.9688353919007999,0.45222737309184824,0.5158484429121017
moderate,mean_width,di_normalized_auto,-0.5439260227674327,0.9825575972179487,-0.9108190592869081,-0.17703298624795738,0.00507517273510078,0.007111456245183945
moderate,true_marginal,di_cqr_auto,0.0225847243297926,0.021788566209138903,0.014448739996139964,0.030720708663445236,3.87284470443771e-06,7.86555786302954e-06
moderate,worst_region_coverage,di_cqr_auto,0.03025756124869837,0.03243743080029564,0.018145225527201776,0.04236989697019496,1.87280283141447e-05,1.7734839902903788e-05
moderate,mean_interval_score,di_cqr_auto,-0.24999907204030739,0.33872099623857393,-0.37647957068460813,-0.12351857339600661,0.00035635367703107867,9.977698887788448e-06
moderate,mean_width,di_cqr_auto,0.22910619901455648,0.24129652179482355,0.13900459699798476,0.3192078010311282,1.4527783940381987e-05,5.256413325850834e-06
moderate,true_marginal,region_mondrian,0.28276428932726355,0.07735082562257795,0.2538810163564873,0.3116475622980398,1.5923509852608897e-18,1.862645149230957e-09
moderate,worst_region_coverage,region_mondrian,0.34629881642023,0.15585587724691183,0.28810127540641606,0.404496357434044,6.433700206072646e-13,1.862645149230957e-09
moderate,mean_interval_score,region_mondrian,-4.958761436014532,2.615684219719417,-5.935473975479084,-3.98204889654998,2.7903335148416165e-11,1.862645149230957e-09
moderate,mean_width,region_mondrian,2.0677926333152263,0.7342652816572528,1.7936134711359935,2.341971795494459,1.631352152213616e-15,1.862645149230957e-09
moderate,true_marginal,di_mondrian,0.11533889731917044,0.08051896120138932,0.08527262308118431,0.14540517155715654,1.1853580913873914e-08,3.5390257835388184e-08
moderate,worst_region_coverage,di_mondrian,0.148104318071629,0.17049512751888743,0.08444039116872162,0.21176824497453636,4.969784044551506e-05,2.0798295736312866e-05
moderate,mean_interval_score,di_mondrian,-1.5429235081766024,2.4544347031339377,-2.45942448859886,-0.6264225277543449,0.001769591810792473,0.004338232800364494
moderate,mean_width,di_mondrian,1.0934412385249854,0.6381502042224176,0.8551520360949,1.331730440955071,2.730167608264153e-10,3.725290298461914e-09
moderate,true_marginal,cqr,0.07541729893778452,0.030988084614027828,0.06384615797652728,0.08698843989904177,6.761935348754935e-14,1.7333066441991056e-06
moderate,worst_region_coverage,cqr,0.10293947840626856,0.05041916485942331,0.08411265283754155,0.12176630397499558,4.927742931672056e-12,1.862645149230957e-09
moderate,mean_interval_score,cqr,-0.8395671568779638,0.7723414632875442,-1.1279641989422635,-0.5511701148136641,1.807315900899523e-06,9.313225746154785e-09
moderate,mean_width,cqr,0.6813266238010365,0.32253238434678694,0.5608910521827242,0.8017621954193488,2.1859492721320945e-12,1.862645149230957e-09
moderate,true_marginal,localized,0.21776681841173492,0.07199585995184647,0.19088312248453873,0.24465051433893112,2.5205845136733106e-16,1.862645149230957e-09
moderate,worst_region_coverage,localized,0.23378649385740727,0.15737758389869883,0.1750207382414704,0.29255224947334413,5.6794731177018274e-09,1.862645149230957e-09
moderate,mean_interval_score,localized,-2.9287682790131857,2.517717702574781,-3.8688995197791134,-1.988637038247258,5.779355735302394e-07,5.718320608139038e-07
moderate,mean_width,localized,1.759966251395808,0.5751337330887949,1.545207786003857,1.974724716787759,1.855330779934512e-16,1.862645149230957e-09
moderate,true_marginal,localized_cqr,0.06645169448659585,0.04343959155534048,0.05023108442156638,0.08267230455162533,3.101422939156531e-09,3.1797762823178307e-06
moderate,worst_region_coverage,localized_cqr,0.08574137905880927,0.1120434697820261,0.043903659858529995,0.12757909825908853,0.00023733787180231324,6.286613643169403e-05
moderate,mean_interval_score,localized_cqr,-0.7821314830686551,0.9777368539882412,-1.1472244244824226,-0.4170385416548876,0.00014082652929464542,0.00018860027194023132
moderate,mean_width,localized_cqr,0.614199058365878,0.3373149653752728,0.4882435802744051,0.7401545364573507,7.014059334297733e-11,9.313225746154785e-09
moderate,true_marginal,geo_localized,0.2768082953970662,0.08159873252738192,0.246338827919659,0.3072777628744734,1.1955002023975268e-17,1.862645149230957e-09
moderate,worst_region_coverage,geo_localized,0.29285342894680727,0.16650613078688126,0.23067901790313902,0.3550278399904755,1.5293360864124054e-10,5.587935447692871e-09
moderate,mean_interval_score,geo_localized,-4.117963867820881,2.586362204549376,-5.083727386878826,-3.1522003487629364,1.3377892366997348e-09,1.30385160446167e-08
moderate,mean_width,geo_localized,2.0782067473952615,0.6841607901891763,1.8227369098093522,2.3336765849811707,2.253667739352111e-16,1.862645149230957e-09
moderate,true_marginal,weighted_oracle,-0.13053869499241275,0.08327914803702124,-0.16163563993342275,-0.09944175005140274,1.8623478023702914e-09,1.862645149230957e-09
moderate,worst_region_coverage,weighted_oracle,-0.28741775523347973,0.20887922492981553,-0.3654145396635483,-0.20942097080341113,2.622899083742903e-08,4.6566128730773926e-08
moderate,mean_interval_score,weighted_oracle,-26.30943398257249,9.467710940654525,-29.844735348864692,-22.774132616280287,2.3042118945411114e-15,1.862645149230957e-09
moderate,mean_width,weighted_oracle,-29.025159806360612,8.917814059227167,-32.355126302543695,-25.695193310177526,3.616744881578373e-17,1.862645149230957e-09
moderate,true_marginal,weighted_estimated,-0.07239504299443603,0.08019477250947468,-0.10234026318539365,-0.04244982280347841,2.959643527360099e-05,0.00010565052374992671
moderate,worst_region_coverage,weighted_estimated,-0.17872310889270615,0.1852005002693367,-0.24787811222394662,-0.10956810556146569,1.146747612908423e-05,3.7904828786849976e-06
moderate,mean_interval_score,weighted_estimated,-19.121177285481714,8.388357344781253,-22.253441395342914,-15.988913175620514,3.4376886554577136e-13,1.862645149230957e-09
moderate,mean_width,weighted_estimated,-20.857964726818942,8.08516055369404,-23.877013294242815,-17.83891615939507,1.5523467049782608e-14,1.862645149230957e-09
moderate,true_marginal,width_matched_global,0.019613050075872527,0.06663444046090863,-0.005268658911672986,0.04449475906341804,0.11775950768749255,0.09365824197746607
moderate,worst_region_coverage,width_matched_global,0.048045001805782445,0.1760279042250724,-0.01768489787252664,0.11377490148409153,0.14573014252470823,0.11417667381465435
moderate,mean_interval_score,width_matched_global,-0.8003916622411401,2.009366420136285,-1.5507014145156832,-0.050081909966596894,0.0373782877440562,0.047259049490094185
moderate,mean_width,width_matched_global,1.3322676295501878e-16,7.011975190730004e-16,-1.2860469374639434e-16,3.9505821965643193e-16,0.30662899743629957,0.23920357978082185
severe,true_marginal,split,0.37823722812341937,0.11762548632538378,0.33431514969036513,0.4221593065564736,4.991109331909887e-17,1.862645149230957e-09
severe,worst_region_coverage,split,0.28537670363938494,0.17040087515010086,0.2217479711493865,0.3490054361293834,4.5060822093324723e-10,2.848903312076321e-06
severe,mean_interval_score,split,-9.815678233870196,5.891102628962815,-12.015452107796687,-7.6159043599437055,5.037364202083615e-10,1.862645149230957e-09
severe,mean_width,split,2.4804730346398776,0.9359242277743078,2.130993184448365,2.82995288483139,7.80023121439259e-15,1.862645149230957e-09
severe,true_marginal,normalized,0.11446636317653011,0.12417907949564148,0.06809713283588564,0.16083559351717458,2.2147063997931876e-05,1.991167664527893e-06
severe,worst_region_coverage,normalized,0.09933394854138124,0.17880148042982388,0.0325683784874517,0.16609951859531077,0.004939552028891759,0.014990431977029234
severe,mean_interval_score,normalized,-2.931672155090142,5.379179798965641,-4.940290902749114,-0.9230534074311696,0.005707189027238625,0.0003800932317972183
severe,mean_width,normalized,0.8156122232012996,0.8085964552587591,0.5136773446468326,1.1175471017557665,5.907632304988541e-06,4.7124922275543213e-07
severe,true_marginal,di_normalized,0.03606474456246838,0.13641138104030226,-0.014872102241628,0.08700159136656477,0.15832046729403193,0.2988441474735737
severe,worst_region_coverage,di_normalized,-0.003126777331695563,0.18466089331204208,-0.07208028811364484,0.06582673345025372,0.9267452280744602,0.935398668050766
severe,mean_interval_score,di_normalized,0.451186876991996,3.6092651949431693,-0.8965348959872033,1.7989086499711953,0.4989714324343658,0.0803273618221283
severe,mean_width,di_normalized,-0.2334477075461903,1.2470154830998348,-0.6990909415680352,0.23219552647565464,0.31366847838177214,0.2988441474735737
severe,true_marginal,di_normalized_auto,-0.061848760748609004,0.11683841394954196,-0.10547694152645115,-0.01822057997076685,0.00705701486360195,0.011303061619400978
severe,worst_region_coverage,di_normalized_auto,-0.13481555126411532,0.17818692810449135,-0.20135164370840675,-0.0682794588198239,0.0002702002007884202,0.00023163668811321259
severe,mean_interval_score,di_normalized_auto,1.334076633029497,3.2621049122723718,0.11598664003825032,2.552166626020744,0.03292327591655367,0.027741437777876854
severe,mean_width,di_normalized_auto,-1.6539159111879482,1.7144578237822803,-2.294104983801189,-1.0137268385747076,1.1526513614153193e-05,5.144625902175903e-06
severe,true_marginal,di_cqr_auto,0.028072837632776935,0.03171551416446993,0.016230070013325423,0.039915605252228446,3.868413653941349e-05,5.606116527496013e-06
severe,worst_region_coverage,di_cqr_auto,0.03310993062180807,0.04958825892727767,0.01459337042721296,0.051626490816403185,0.0010060795338597145,1.821529714896801e-05
severe,mean_interval_score,di_cqr_auto,-0.4501329846194063,0.749792108622638,-0.7301099592718951,-0.1701560099669175,0.0026461255987235296,2.5630832507250074e-06
severe,mean_width,di_cqr_auto,0.2177378593004232,0.2835693788812772,0.11185131302947156,0.32362440557137484,0.00022827338807342677,2.5630832507250074e-06
severe,true_marginal,region_mondrian,0.3457890743550835,0.11761275550028509,0.3018717496902471,0.3897063990199199,5.309631031792407e-16,1.862645149230957e-09
severe,worst_region_coverage,region_mondrian,0.29421078600994005,0.17431533720307618,0.22912036936725388,0.3593012026526262,3.802320955518058e-10,2.848903312076321e-06
severe,mean_interval_score,region_mondrian,-9.212514435565883,5.870693561415467,-11.404667438424683,-7.020361432707082,1.8189562718167837e-09,1.862645149230957e-09
severe,mean_width,region_mondrian,2.2931223716167137,0.9544134288265176,1.9367385402885522,2.6495062029448753,9.328393583260857e-14,1.862645149230957e-09
severe,true_marginal,di_mondrian,0.18545776428932728,0.12147581450056885,0.1400979496871263,0.23081757889152826,3.232486313106145e-09,2.8768627254590153e-06
severe,worst_region_coverage,di_mondrian,0.15076533377314275,0.1710616010935133,0.08688988216115878,0.2146407853851267,4.098270820853124e-05,0.00011058151721954346
severe,mean_interval_score,di_mondrian,-4.5725712445054745,5.403888050528017,-6.590416204926401,-2.554726284084548,6.995506487723511e-05,4.7124922275543213e-07
severe,mean_width,di_mondrian,1.3186027751869351,0.8220344785116152,1.0116500562839537,1.6255554940899166,1.1418482840960654e-09,1.862645149230957e-09
severe,true_marginal,cqr,0.08057663125948406,0.04328514945486651,0.06441369082254539,0.09673957169642272,4.24097084881059e-11,1.7333066441991056e-06
severe,worst_region_coverage,cqr,0.08801251352397904,0.06918608347095946,0.06217800537766464,0.11384702167029345,1.1658975714956351e-07,2.5630832507250074e-06
severe,mean_interval_score,cqr,-1.402625360967077,1.2442793914943333,-1.8672469215926952,-0.9380038003414586,9.88606015269969e-07,1.862645149230957e-09
severe,mean_width,cqr,0.6471246470103177,0.41335992487118745,0.4927735143735492,0.8014757796470862,1.9120839165797645e-09,1.862645149230957e-09
severe,true_marginal,localized,0.2881259484066767,0.12206243334490398,0.24254708672806305,0.3337048100852904,1.450060137039743e-13,1.7333066441991056e-06
severe,worst_region_coverage,localized,0.23520525898725916,0.17564478643292342,0.16961841784363973,0.3007921001308786,4.436538619191818e-08,1.30385160446167e-07
severe,mean_interval_score,localized,-6.868396759458572,6.203790102846351,-9.184930055020564,-4.551863463896581,1.3365082265845828e-06,5.587935447692871e-09
severe,mean_width,localized,1.8726724399444143,0.8757849198767891,1.5456489763822205,2.1996959035066084,1.6315364746831352e-12,1.862645149230957e-09
severe,true_marginal,localized_cqr,0.06587000505816894,0.05282900687992613,0.04614332969036864,0.08559668042596924,1.6849729027288e-07,1.991167664527893e-06
severe,worst_region_coverage,localized_cqr,0.07606774404536698,0.08127376872719774,0.0457196200451728,0.10641586804556116,1.785190024616373e-05,4.174619343439777e-05
severe,mean_interval_score,localized_cqr,-0.9058334500336047,1.5615754200366114,-1.488935294885883,-0.3227316051813265,0.003517103087959865,3.453157842159271e-05
severe,mean_width,localized_cqr,0.5131951736671536,0.5177825369713466,0.31985199685587506,0.7065383504784322,7.709748305863577e-06,5.973502993583679e-06
severe,true_marginal,geo_localized,0.3466363176530096,0.1102814856470724,0.30545653414159246,0.3878161011644268,9.137117934330297e-17,1.862645149230957e-09
severe,worst_region_coverage,geo_localized,0.2796992733655129,0.18185382185253873,0.2117939402928607,0.34760460643816515,2.7711558668836952e-09,2.351977194551935e-06
severe,mean_interval_score,geo_localized,-8.619094851387382,6.249474652600708,-10.952687038182681,-6.285502664592084,2.507640826542058e-08,3.725290298461914e-09
severe,mean_width,geo_localized,2.251426046650327,0.9009983175281137,1.9149877456766062,2.587864347624048,3.482747851378888e-14,1.862645149230957e-09
severe,true_marginal,weighted_oracle,-0.23534395548811335,0.14461591902594068,-0.28934442712531205,-0.18134348385091464,8.385212447506719e-10,2.8768627254590153e-06
severe,worst_region_coverage,weighted_oracle,-0.4500856778558546,0.2557162696853974,-0.5455717022252713,-0.35459965348643796,1.5046440198684743e-10,3.5390257835388184e-08
severe,mean_interval_score,weighted_oracle,-33.05021022812947,11.970937085251462,-37.52023159850749,-28.580188857751455,2.7255591690387274e-15,1.862645149230957e-09
severe,mean_width,weighted_oracle,-38.75397056073743,10.58130065989302,-42.70509316202401,-34.802847959450844,1.5131266677956783e-18,1.862645149230957e-09
severe,true_marginal,weighted_estimated,-0.1742286292362165,0.1450948772741548,-0.22840794682254925,-0.12004931164988372,3.3148486437809827e-07,1.4193356037139893e-06
severe,worst_region_coverage,weighted_estimated,-0.3014639442958034,0.25211694039269117,-0.3956059570191104,-0.20732193157249645,3.5720431176284895e-07,1.1920928955078125e-06
severe,mean_interval_score,weighted_estimated,-26.394230800438873,9.329685418342097,-29.87799258967037,-22.910469011207375,1.4485504013683737e-15,1.862645149230957e-09
severe,mean_width,weighted_estimated,-30.923622456549428,7.854920801474001,-33.856698087568674,-27.99054682553018,2.115770421819581e-19,1.862645149230957e-09
severe,true_marginal,width_matched_global,0.024178047546788053,0.08108580427466616,-0.0060998893733384615,0.05445598446691457,0.11324084495127103,0.14701819644612493
severe,worst_region_coverage,width_matched_global,0.008814962921470814,0.15290519374651979,-0.04828077476566592,0.06591070060860754,0.7544450412966068,0.9515264742076397
severe,mean_interval_score,width_matched_global,-1.4814380894672927,4.971987034416601,-3.3380085600001577,0.375132381065572,0.11349761114274273,0.15794767439365387
severe,mean_width,width_matched_global,-1.4802973661668754e-17,7.234733887970619e-16,-2.8495237681967047e-16,2.5534642949633297e-16,0.9115405133817036,0.9745880317094228
