regime,group,median_mass,frac_unbounded,n_runs
hidden_moderate,clipped,74.23377276651226,0.017475920378181676,29
hidden_moderate,unclipped,112.15504453074307,0.0004650185249651233,30
hidden_severe,clipped,75.18354477416987,0.04196790162855903,30
hidden_severe,unclipped,109.53654678496693,0.002652499691862671,30
mild,clipped,32.76793557459784,0.13734158717634087,29
mild,unclipped,101.41462806931659,0.0017789846397291544,30
moderate,clipped,24.013828854054637,0.295396894028532,30
moderate,unclipped,80.22293749196862,0.031578603178477035,30
none,clipped,75.3072365237184,0.003105590062111801,28
none,unclipped,120.49194182291018,0.0005100938167563803,30
severe,clipped,23.22171150286663,0.33309300186440627,30
severe,unclipped,81.53656399940392,0.01896037563701152,30
