regime,method,mean,median,std
hidden_moderate,weighted_estimated,113.05976465550455,116.94219268351372,41.85134455310655
hidden_moderate,weighted_oracle,25.244268886687717,17.703625755895867,25.383595485593272
hidden_moderate,weighted_proxy,29.09993613502455,20.433323851432053,28.06763853677793
hidden_severe,weighted_estimated,96.52658853973,109.38758274866073,52.35862958862996
hidden_severe,weighted_oracle,17.672136379972233,11.377841653401427,18.048002285593
hidden_severe,weighted_proxy,21.475855771605772,14.049444020237448,21.363715947457468
mild,weighted_estimated,82.20138129883354,87.0222946353349,26.866950581004318
mild,weighted_oracle,52.27739382545466,50.4005030864312,27.400095359014934
mild,weighted_proxy,58.72009020238762,55.55545451218021,30.439835667502123
moderate,weighted_estimated,40.18628339915362,37.27193345682135,23.22320354173807
moderate,weighted_oracle,16.808224637653304,13.346521677766802,12.315146395422634
moderate,weighted_proxy,20.89309756609765,16.08864388068179,15.778314305689426
none,weighted_estimated,190.12512867158654,190.01287635841385,3.9279779020775307
none,weighted_oracle,199.9999999999999,199.9999999999999,0.0
none,weighted_proxy,200.00000000000003,200.00000000000003,0.0
severe,weighted_estimated,44.26299313842093,45.690409484260385,21.099216090019336
severe,weighted_oracle,8.319257345639866,6.079746880472552,7.223277360117246
severe,weighted_proxy,10.932978597883642,8.24520943985338,10.112611341573361
