regime,K,monotone,seed_mean,seed_std,min_bin_count_mean,min_bin_count_std,mean_bin_count_mean,mean_bin_count_std,true_marginal_mean,true_marginal_std,worst_region_coverage_mean,worst_region_coverage_std,coverage_gap_mean,coverage_gap_std,mean_width_mean,mean_width_std,mean_interval_score_mean,mean_interval_score_std
mild,3,0,14.5,8.803408430829505,66.0,0.0,66.66666666666667,0.0,0.9147959183673469,0.027008940904352248,0.7870672457622289,0.12272043432645598,0.19229193028054217,0.11831745106570175,3.1848527711548145,0.4619683597738791,4.114753163303352,0.6788822210734836
mild,3,1,14.5,8.803408430829505,66.0,0.0,66.66666666666667,0.0,0.9161989795918367,0.026786552046146283,0.7893910376982092,0.12398729022289973,0.1902092381701492,0.11999725255639469,3.195191358147084,0.45508029849049814,4.114958870117838,0.6791852642689463
mild,4,0,14.5,8.803408430829505,50.0,0.0,50.0,0.0,0.9130952380952381,0.026835245484221556,0.7848637187510688,0.1183289565691614,0.19248771701834183,0.11197200577216616,3.185320620392516,0.46106394643518933,4.10899830335583,0.6594268806956336
mild,4,1,14.5,8.803408430829505,50.0,0.0,50.0,0.0,0.9172619047619047,0.027018848697191955,0.7920622299738951,0.12046741188050004,0.18690879244895867,0.11522110609979296,3.2132632028916395,0.457798215849725,4.10563540183274,0.6604565147620775
mild,5,0,14.5,8.803408430829505,40.0,0.0,40.0,0.0,0.9216943027210884,0.025481280243290303,0.8070440477411853,0.11155021249797635,0.17509689591099253,0.10619639545305835,3.3212230151739335,0.5059946005975267,4.1248977827627105,0.6158366637469191
mild,5,1,14.5,8.803408430829505,40.0,0.0,40.0,0.0,0.9298044217687075,0.02642855345605878,0.820452731894714,0.1163464220987342,0.16512032192241488,0.1109549998303805,3.386690383846788,0.48286328679965385,4.13090437251376,0.6082263254111561
mild,6,0,14.5,8.803408430829505,33.0,0.0,33.333333333333336,0.0,0.937000425170068,0.02527944253413335,0.834742028886381,0.11788615260782513,0.1526800269028647,0.11386597274327784,3.551056741409212,0.5471499605268033,4.209786687240759,0.6152751161162346
mild,6,1,14.5,8.803408430829505,33.0,0.0,33.333333333333336,0.0,0.9470344387755102,0.025374782124148107,0.8480298781391425,0.12067465388647595,0.14319448719264047,0.11630417886822002,3.6629149865331527,0.5388474890838331,4.249745331735204,0.6084209936252263
mild,8,0,14.5,8.803408430829505,25.0,0.0,25.0,0.0,0.9551977040816326,0.02406711612265541,0.8617745631134367,0.11515782577710436,0.13151454008640834,0.11096724590418137,3.936753032136797,0.6394863443529787,4.439354130340204,0.650058054243089
mild,8,1,14.5,8.803408430829505,25.0,0.0,25.0,0.0,0.9711947278911565,0.021273653849493444,0.8916957354399645,0.1142689257806002,0.10603120048333962,0.1126052853405868,4.283482397103258,0.6978347838177628,4.641767006831453,0.6828096670530543
mild,10,0,14.5,8.803408430829505,20.0,0.0,20.0,0.0,0.9497023809523809,0.023048645327639002,0.8516614798855487,0.11294237733137436,0.14020239845878504,0.10962927973350488,3.8316178390692195,0.6049525474765591,4.380686415278086,0.6161623464967594
mild,10,1,14.5,8.803408430829505,20.0,0.0,20.0,0.0,0.9703656462585034,0.021541219862407056,0.8907187966667807,0.11382465987867343,0.10690611356200769,0.11172343002955061,4.2520913879466,0.6907748945487859,4.615204430060413,0.6767150502132264
moderate,3,0,14.5,8.803408430829505,66.0,0.0,66.66666666666667,0.0,0.832748724489796,0.07168414646235396,0.5714923680220695,0.18285015527679815,0.4048285512351379,0.17178330116416898,3.555067372392838,0.5707918990316379,6.606327496702562,1.8084381689402838
moderate,3,1,14.5,8.803408430829505,66.0,0.0,66.66666666666667,0.0,0.8338647959183674,0.07077501432384602,0.5726793429317283,0.1821352982521818,0.40440619905839975,0.17169438822293542,3.5617289062546997,0.567664395500931,6.598582136628628,1.8049620341191148
moderate,4,0,14.5,8.803408430829505,50.0,0.0,50.0,0.0,0.8365433673469388,0.07036563739987033,0.578338349121667,0.18083120130031397,0.397155250048448,0.17028553549568887,3.6069491601030492,0.6082950152629948,6.5330179321401,1.7323491166259781
moderate,4,1,14.5,8.803408430829505,50.0,0.0,50.0,0.0,0.8404655612244898,0.07091088300030765,0.5839628717668114,0.18326138125903393,0.39396879951666036,0.17313410820717443,3.6326092678175255,0.6047381696237252,6.527750567797123,1.7349198407371245
moderate,5,0,14.5,8.803408430829505,40.0,0.0,40.0,0.0,0.8494260204081633,0.06798365824482883,0.5966414167322138,0.1813321650090995,0.3843441856753645,0.1732211711053077,3.734860311234838,0.6220249038925533,6.407069359568808,1.6130218089736912
moderate,5,1,14.5,8.803408430829505,40.0,0.0,40.0,0.0,0.8563669217687074,0.06614626591260737,0.6070514574284965,0.17944191532632287,0.3777794877056188,0.1724954289270074,3.786625752789884,0.6124731399477504,6.3728695565379185,1.6074537410150205
moderate,6,0,14.5,8.803408430829505,33.0,0.0,33.333333333333336,0.0,0.8704081632653061,0.06266184353111211,0.62924860070905,0.17426497422537562,0.3568049428314125,0.16506579135492355,3.963309928102101,0.6732423360241948,6.240294172968834,1.3564200643446787
moderate,6,1,14.5,8.803408430829505,33.0,0.0,33.333333333333336,0.0,0.8770301870748299,0.06233234103410593,0.6374169260057225,0.1753325085186459,0.35188690537259326,0.16796494819996782,4.032302626566278,0.6836433370028046,6.241065096375597,1.3421264137091407
moderate,8,0,14.5,8.803408430829505,25.0,0.0,25.0,0.0,0.9121704931972788,0.05805581032260319,0.7202481105297357,0.18304423019192118,0.27215952486805056,0.17486037092537976,4.689357956340614,1.212566344149533,6.186400447392793,1.2624692134919826
moderate,8,1,14.5,8.803408430829505,25.0,0.0,25.0,0.0,0.9308248299319728,0.05402588679577819,0.751267911494135,0.18388475293497644,0.24602071292591454,0.17907540428279375,4.9930505256808475,1.129649722525762,6.2532551750899765,1.219534412563649
moderate,10,0,14.5,8.803408430829505,20.0,0.0,20.0,0.0,0.9095556972789115,0.05780655471664702,0.7177390764109755,0.1822074959097874,0.2737081495160904,0.17406461256060932,4.634669058395719,1.1862223954609799,6.151636040358676,1.2591631199720392
moderate,10,1,14.5,8.803408430829505,20.0,0.0,20.0,0.0,0.9302721088435374,0.053797303960700885,0.7504058228742747,0.18376597400083947,0.24659040388495607,0.1794351176906019,4.964297232841615,1.1064520364826593,6.228638503267245,1.210031540959313
none,3,0,14.5,8.803408430829505,66.0,0.0,66.66666666666667,0.0,0.9324829931972789,0.018650071075691936,0.8683711797362151,0.04786155990411465,0.10762513821916715,0.041043213959800935,2.726119056118951,0.2401787532009058,3.131303069362279,0.22701003359232988
none,3,1,14.5,8.803408430829505,66.0,0.0,66.66666666666667,0.0,0.9365752551020408,0.018187562310070945,0.8731324738096052,0.047887280270786786,0.1048935284930976,0.042248320275064415,2.7610282870457885,0.2558778197365571,3.139275812024325,0.23522108782288065
none,4,0,14.5,8.803408430829505,50.0,0.0,50.0,0.0,0.9291347789115646,0.0178419550256427,0.8607183976836178,0.045244094462389806,0.11337021077710521,0.039683987903894324,2.686222653714723,0.22782848043094026,3.1157004818079868,0.22446736693318614
none,4,1,14.5,8.803408430829505,50.0,0.0,50.0,0.0,0.9355654761904761,0.017831388930010867,0.8692301334883668,0.04528291378439187,0.10829656988475087,0.03901407967826054,2.737845128080347,0.23447446571327568,3.1260607050505334,0.22457069272609714
none,5,0,14.5,8.803408430829505,40.0,0.0,40.0,0.0,0.9297406462585034,0.01834553587754798,0.8637130513092347,0.04494657017772018,0.11091902921696703,0.03856978268353934,2.7324847698779555,0.23869223525326297,3.155245284927901,0.238184081554085
none,5,1,14.5,8.803408430829505,40.0,0.0,40.0,0.0,0.9443452380952381,0.018986535444558816,0.8842279105821734,0.04375876793664261,0.09787911950115705,0.03680133292032296,2.858425036321115,0.27906242550344673,3.1839996998345206,0.2498684105844218
none,6,0,14.5,8.803408430829505,33.0,0.0,33.333333333333336,0.0,0.9462478741496599,0.014044271182092399,0.8936467631065969,0.03676323650349826,0.08791394503151967,0.03344366006486874,2.937812025369159,0.2847888119457463,3.2486834838431644,0.27509549285095586
none,6,1,14.5,8.803408430829505,33.0,0.0,33.333333333333336,0.0,0.9598001700680272,0.01687610131489021,0.9139829349201464,0.038848931878059934,0.07439041072466743,0.03479434313844647,3.1117682062361416,0.3890908689175617,3.3378769504356365,0.3477574634720719
none,8,0,14.5,8.803408430829505,25.0,0.0,25.0,0.0,0.9653167517006802,0.010347287513263281,0.924927043078782,0.035727699999307576,0.06541471449904815,0.03185271579798871,3.291661561580526,0.332430440153088,3.4917405427516877,0.3133260503700217
none,8,1,14.5,8.803408430829505,25.0,0.0,25.0,0.0,0.9816007653061225,0.01008732226953983,0.952881228412161,0.030943414407390377,0.043434732054307326,0.0287514411707801,3.657436474073841,0.45914857466802006,3.757073365547226,0.4323232845641792
none,10,0,14.5,8.803408430829505,20.0,0.0,20.0,0.0,0.9563350340136054,0.012058443881010251,0.9111524343672698,0.03489552301759928,0.07585154406484046,0.030560753360102576,3.1574614071436953,0.3230726079917398,3.4083789403492144,0.30053319979063897
none,10,1,14.5,8.803408430829505,20.0,0.0,20.0,0.0,0.9802295918367346,0.010781515557280106,0.9505078485687903,0.03207256466299975,0.04568471210514919,0.02928762185847649,3.6181223102423266,0.47299135213517046,3.7238917921003827,0.4427729394857852
severe,3,0,14.5,8.803408430829505,66.0,0.0,66.66666666666667,0.0,0.7350765306122449,0.10653131748899035,0.40871265232607185,0.18564735445790387,0.5501613031930053,0.17482172189071576,3.3101078815846576,0.7015102903327699,9.260125291224204,3.8943324768051863
severe,3,1,14.5,8.803408430829505,66.0,0.0,66.66666666666667,0.0,0.7381909013605442,0.10521927806936837,0.40955393682386604,0.18600218217167816,0.551383046635432,0.1759217626601943,3.3333739541146006,0.7051021649269911,9.199287894736527,3.7945814948601653
severe,4,0,14.5,8.803408430829505,50.0,0.0,50.0,0.0,0.7434098639455782,0.10331793289715954,0.4178639011433718,0.19088148560832524,0.545376355117814,0.18389771140528202,3.3769399762985275,0.6890674820307354,9.090200382225168,3.6922102534223273
severe,4,1,14.5,8.803408430829505,50.0,0.0,50.0,0.0,0.7491177721088434,0.10566278958679383,0.4222928992396521,0.1944072799957721,0.5438203207824629,0.18595990946583926,3.420164610812449,0.7013097828278471,9.03440031327559,3.7230785471256658
severe,5,0,14.5,8.803408430829505,40.0,0.0,40.0,0.0,0.7618622448979592,0.10356466838505779,0.44460745756529074,0.2007353595434369,0.5249800508418544,0.19339243281470478,3.5424209006794176,0.7631416604134086,8.81507177117792,3.4080251117727767
severe,5,1,14.5,8.803408430829505,40.0,0.0,40.0,0.0,0.7677295918367347,0.1037010935186817,0.44911824720996774,0.20255156885456269,0.5251379341791776,0.19504296191501078,3.5839143658546906,0.7665294057722133,8.760549704964498,3.423772308055113
severe,6,0,14.5,8.803408430829505,33.0,0.0,33.333333333333336,0.0,0.7825573979591837,0.0990047057132123,0.4700420642248897,0.20535743546070798,0.5089449175244805,0.20077098361847173,3.722251213624037,0.7531740915834271,8.485348026663868,3.032792085620715
severe,6,1,14.5,8.803408430829505,33.0,0.0,33.333333333333336,0.0,0.7903698979591837,0.09810618199451009,0.4767897244736272,0.2064658853488951,0.5076815658379217,0.20394368094115595,3.78776755588716,0.7430657238391717,8.413756738910612,3.0551649423720697
severe,8,0,14.5,8.803408430829505,25.0,0.0,25.0,0.0,0.8208652210884354,0.09038503095349497,0.5194683834342191,0.2144821993280219,0.47025096040947073,0.21056560247583936,4.164395345302696,0.9181705867216766,7.968319338238834,2.4379973439124267
severe,8,1,14.5,8.803408430829505,25.0,0.0,25.0,0.0,0.845748299319728,0.08408081399297047,0.5584461885708423,0.21340616797409237,0.43756768464370804,0.2129179153921127,4.447901480162079,0.8464118389755326,7.709512561744125,2.3148319662647423
severe,10,0,14.5,8.803408430829505,20.0,0.0,20.0,0.0,0.8094706632653061,0.08581959191045511,0.5027669482347845,0.20056616468316874,0.4832541066766982,0.19744882292772653,4.03667329192918,0.9417734681330483,8.008724125602587,2.4019017804076728
severe,10,1,14.5,8.803408430829505,20.0,0.0,20.0,0.0,0.8453762755102041,0.08389555545981392,0.5582404272539699,0.21341202693668787,0.43767085029011776,0.21312958518431752,4.425819597132497,0.8327399482915004,7.689461671451051,2.3232817963657717
