regime,method,mean,std
hidden_moderate,geo_lcp,0.007776934749620638,0.02200613589374007
hidden_moderate,lcp,0.003717754172989378,0.00847484717554644
hidden_moderate,lcp_cqr,0.003743045017703591,0.008046099610953377
hidden_moderate,weighted_estimated,0.012569549822964087,0.030944387292168626
hidden_moderate,weighted_oracle,0.3623798684876075,0.15165136566316623
hidden_moderate,weighted_proxy,0.35256702073849266,0.15027463362028678
hidden_severe,geo_lcp,0.041729893778452196,0.08756295295523947
hidden_severe,lcp,0.00950935761254426,0.026702786039445224
hidden_severe,lcp_cqr,0.009193222053616591,0.026483843941407546
hidden_severe,weighted_estimated,0.04238745574102175,0.06878706886036963
hidden_severe,weighted_oracle,0.6256702073849266,0.18344136581396864
hidden_severe,weighted_proxy,0.6179817905918058,0.18671871373690854
mild,geo_lcp,0.0,0.0
mild,lcp,0.01294891249367729,0.02052496842362558
mild,lcp_cqr,0.012013151239251391,0.019054883342646607
mild,weighted_estimated,0.024519473950429947,0.033015975361505474
mild,weighted_oracle,0.1088391502276176,0.04527542476532623
mild,weighted_proxy,0.10306019221041982,0.04334137528196773
moderate,geo_lcp,0.020624683864441072,0.05827049486032018
moderate,lcp,0.10981284774911483,0.12129445629057287
moderate,lcp_cqr,0.10910470409711685,0.12015822958915709
moderate,weighted_estimated,0.3776555386949924,0.1094677173340189
moderate,weighted_oracle,0.5253161355589276,0.09130753104220743
moderate,weighted_proxy,0.5155412240768842,0.08957672014353704
none,geo_lcp,0.0,0.0
none,lcp,0.0005311077389984826,0.0025136448117322667
none,lcp_cqr,0.0005437531613555893,0.0025819800305595586
none,weighted_estimated,0.0,0.0
none,weighted_oracle,0.0,0.0
none,weighted_proxy,0.0,0.0
severe,geo_lcp,0.0672736469398078,0.11169812687665528
severe,lcp,0.1988872028325746,0.1722726848080896
severe,lcp_cqr,0.20007587253414263,0.17054263887919818
severe,weighted_estimated,0.6283383915022761,0.11436402640314733
severe,weighted_oracle,0.7773267577137076,0.08832932844909717
severe,weighted_proxy,0.7692716236722307,0.08767993116388903
