regime,method,mult,marginal,worst,mean_width
mild,cqr,0.5,0.5606930272108844,0.3882955439280462,1.4445010142331705
mild,cqr,0.75,0.7738095238095238,0.5936758318798946,2.166751521349755
mild,cqr,1.0,0.8821641156462585,0.7221253263112296,2.889002028466341
mild,cqr,1.25,0.9348639455782313,0.8128825963544338,3.611252535582926
mild,cqr,1.5,0.9613520408163265,0.870018125235115,4.33350304269951
mild,cqr,2.0,0.9846832482993197,0.9363821346739167,5.778004056932682
mild,cqr,2.5,0.9932610544217687,0.9659427972139576,7.222505071165852
mild,cqr,3.0,0.9964392006802721,0.9793959394913535,8.66700608539902
mild,di_cqr,0.5,0.6171768707482993,0.4513169294255783,1.693345191923394
mild,di_cqr,0.75,0.8272108843537415,0.6751413540348598,2.5400177878850907
mild,di_cqr,1.0,0.9296130952380952,0.820452731894714,3.386690383846788
mild,di_cqr,1.25,0.9678996598639455,0.8913890883804704,4.233362979808485
mild,di_cqr,1.5,0.9837266156462585,0.9355639342019767,5.080035575770181
mild,di_cqr,2.0,0.9949723639455782,0.9749361626939343,6.773380767693576
mild,di_cqr,2.5,0.9979698129251701,0.9878965607651357,8.46672595961697
mild,di_cqr,3.0,0.998937074829932,0.9934883097933267,10.160071151540363
mild,split,0.5,0.5553996598639456,0.3185715262815909,1.115664927582094
mild,split,0.75,0.7066220238095239,0.4460913899433444,1.673497391373141
mild,split,1.0,0.806813350340136,0.561313167584328,2.231329855164188
mild,split,1.25,0.8705144557823129,0.6547920727745289,2.789162318955235
mild,split,1.5,0.9115433673469387,0.7236890553218653,3.346994782746282
mild,split,2.0,0.957780612244898,0.8232840874115113,4.462659710328376
mild,split,2.5,0.9793686224489796,0.8931876474812763,5.57832463791047
mild,split,3.0,0.9890837585034014,0.929568072227352,6.693989565492564
mild,weighted_oracle,0.5,0.7346938775510204,0.5657586949830716,4.541864531879987
mild,weighted_oracle,0.75,0.8632440476190476,0.7221680745072557,6.812796797819981
mild,weighted_oracle,1.0,0.9316964285714285,0.8272804737640072,9.083729063759973
mild,weighted_oracle,1.25,0.9662414965986394,0.893043158578708,11.354661329699969
mild,weighted_oracle,1.5,0.9839710884353742,0.9395677302417837,13.625593595639963
mild,weighted_oracle,2.0,0.9966624149659864,0.9853655825724155,18.167458127519946
mild,weighted_oracle,2.5,0.9992559523809524,0.9953113778598544,22.709322659399938
mild,weighted_oracle,3.0,0.9998405612244898,0.9988868369754796,27.251187191279925
moderate,cqr,0.5,0.47382015306122455,0.23853065900618994,1.6046000039457655
moderate,cqr,0.75,0.6698660714285715,0.3809767677803997,2.4069000059186485
moderate,cqr,1.0,0.7900297619047619,0.505629937416641,3.209200007891531
moderate,cqr,1.25,0.8593856292517007,0.6077944210754306,4.011500009864414
moderate,cqr,1.5,0.9034757653061225,0.6908051480227535,4.813800011837297
moderate,cqr,2.0,0.9485863095238095,0.7890732761077482,6.418400015783062
moderate,cqr,2.5,0.9695578231292518,0.8595023540006611,8.023000019728828
moderate,cqr,3.0,0.9816432823129252,0.9045914412411796,9.627600023674594
moderate,di_cqr,0.5,0.5347895408163266,0.2892300194931774,1.893312876394942
moderate,di_cqr,0.75,0.738265306122449,0.4567234362709894,2.8399693145924134
moderate,di_cqr,1.0,0.85625,0.6069485767700603,3.786625752789884
moderate,di_cqr,1.25,0.9137861394557824,0.7092646740307559,4.733282190987356
moderate,di_cqr,1.5,0.9459183673469388,0.7826798559100806,5.679938629184827
moderate,di_cqr,2.0,0.9763073979591838,0.8760333663919383,7.573251505579768
moderate,di_cqr,2.5,0.9895089285714286,0.9352205236939001,9.466564381974711
moderate,di_cqr,3.0,0.9948873299319728,0.9653998951244257,11.359877258369654
moderate,split,0.5,0.37455357142857143,0.12086168963669733,0.8980226626546093
moderate,split,0.75,0.4901360544217687,0.186219976516991,1.3470339939819138
moderate,split,1.0,0.5814625850340136,0.24723789656076514,1.7960453253092186
moderate,split,1.25,0.6547406462585034,0.31221942934008184,2.245056656636523
moderate,split,1.5,0.7120854591836735,0.37611971774791103,2.6940679879638276
moderate,split,2.0,0.8018494897959184,0.4900787136782828,3.592090650618437
moderate,split,2.5,0.8633715986394558,0.5861860629481436,4.490113313273046
moderate,split,3.0,0.9066326530612245,0.6802745574136772,5.388135975927655
moderate,weighted_oracle,0.5,0.8629357993197279,0.7068952840190144,14.250043507584486
moderate,weighted_oracle,0.75,0.9331526360544218,0.8266113220022115,21.375065261376733
moderate,weighted_oracle,1.0,0.9675063775510204,0.9029102971854588,28.500087015168972
moderate,weighted_oracle,1.25,0.984938350340136,0.9475399838126831,35.62510876896122
moderate,weighted_oracle,1.5,0.9928784013605442,0.9708169465248566,42.750130522753466
moderate,weighted_oracle,2.0,0.9987138605442177,0.9928325524662859,57.000174030337945
moderate,weighted_oracle,2.5,0.9998299319727891,0.998691620213627,71.25021753792244
moderate,weighted_oracle,3.0,0.999968112244898,0.9997229916897508,85.50026104550693
none,cqr,0.5,0.5765625,0.45399781129236344,1.2721879465617951
none,cqr,0.75,0.7998937074829933,0.6853242593162568,1.9082819198426924
none,cqr,1.0,0.9108418367346939,0.8276646375522954,2.5443758931235894
none,cqr,1.25,0.9577593537414966,0.901687983767085,3.1804698664044873
none,cqr,1.5,0.9779017857142858,0.9370891898361889,3.8165638396853847
none,cqr,2.0,0.992687074829932,0.9704518769307935,5.0887517862471805
none,cqr,2.5,0.9966624149659864,0.9838585661685076,6.3609397328089745
none,cqr,3.0,0.9981292517006802,0.9904648723823855,7.633127679370769
none,di_cqr,0.5,0.625,0.501080959383514,1.4292125181605573
none,di_cqr,0.75,0.8414647108843538,0.7408678453769251,2.143818777240836
none,di_cqr,1.0,0.9441645408163265,0.8839406427048779,2.858425036321115
none,di_cqr,1.25,0.9773278061224491,0.9412289251393592,3.5730312954013934
none,di_cqr,1.5,0.9899766156462585,0.9677772647994254,4.287637554481672
none,di_cqr,2.0,0.9972257653061225,0.9880134058342738,5.71685007264223
none,di_cqr,2.5,0.9988201530612245,0.9936099996580144,7.146062590802787
none,di_cqr,3.0,0.9993090986394558,0.9962834718374884,8.575275108963345
none,split,0.5,0.6639243197278912,0.5318969939468554,1.2460247255916346
none,split,0.75,0.8285395408163265,0.7153682614593664,1.8690370883874516
none,split,1.0,0.9158694727891157,0.8249461372730071,2.492049451183269
none,split,1.25,0.9588222789115647,0.8919000718169694,3.115061813979086
none,split,1.5,0.9803358843537414,0.9344824048425157,3.7380741767749033
none,split,2.0,0.9952912414965986,0.974674258746281,4.984098902366538
none,split,2.5,0.9988307823129252,0.9914845593515954,6.230123627958172
none,split,3.0,0.9995748299319728,0.9966759002770083,7.4761483535498074
none,weighted_oracle,0.5,0.6597470238095239,0.527595385474733,1.2336378245209187
none,weighted_oracle,0.75,0.8248193027210885,0.7110179200437742,1.850456736781378
none,weighted_oracle,1.0,0.9132334183673468,0.8208166615368832,2.4672756490418375
none,weighted_oracle,1.25,0.9573660714285714,0.8887965527854724,3.0840945613022965
none,weighted_oracle,1.5,0.9793792517006802,0.931845696111624,3.700913473562756
none,weighted_oracle,2.0,0.9950042517006802,0.9730840258541089,4.934551298083675
none,weighted_oracle,2.5,0.9987244897959184,0.9906484046373244,6.168189122604593
none,weighted_oracle,3.0,0.9995429421768708,0.9964912280701754,7.401826947125512
severe,cqr,0.5,0.4103422619047619,0.1540288749814758,1.5142838830757337
severe,cqr,0.75,0.5828231292517007,0.25406221857437616,2.2714258246136003
severe,cqr,1.0,0.6970238095238095,0.3580668695781038,3.0285677661514674
severe,cqr,1.25,0.774500425170068,0.4516187316895227,3.785709707689334
severe,cqr,1.5,0.8261904761904761,0.5370025534922427,4.542851649227201
severe,cqr,2.0,0.8892963435374149,0.6541280507962564,6.057135532302935
severe,cqr,2.5,0.9250956632653061,0.7426917684073733,7.571419415378668
severe,cqr,3.0,0.9489583333333333,0.8122681622835516,9.085703298454401
severe,di_cqr,0.5,0.46484906462585035,0.1939608198534022,1.7919571829273453
severe,di_cqr,0.75,0.6481186224489796,0.3230441275378179,2.687935774391018
severe,di_cqr,1.0,0.7676126700680272,0.44911824720996774,3.5839143658546906
severe,di_cqr,1.25,0.8370642006802721,0.5482746828083854,4.479892957318364
severe,di_cqr,1.5,0.8813988095238094,0.6354391094695804,5.375871548782036
severe,di_cqr,2.0,0.9350127551020407,0.7692743066242606,7.167828731709381
severe,di_cqr,2.5,0.9646045918367346,0.8568294517971341,8.959785914636727
severe,di_cqr,3.0,0.9815901360544218,0.9177402163628695,10.751743097564072
severe,split,0.5,0.28774447278911564,0.07211677667202444,0.7341061122237764
severe,split,0.75,0.3741071428571428,0.10853111498694755,1.101159168335665
severe,split,1.0,0.44453656462585034,0.14589446325365069,1.4682122244475528
severe,split,1.25,0.5035714285714286,0.18519886460791354,1.8352652805594412
severe,split,1.5,0.555984268707483,0.22509262109138994,2.20231833667133
severe,split,2.0,0.6462159863945579,0.311107691255429,2.9364244488951057
severe,split,2.5,0.7201530612244899,0.39456470936926463,3.6705305611188823
severe,split,3.0,0.7808142006802721,0.47086197462467083,4.40463667334266
severe,weighted_oracle,0.5,0.9065688775510204,0.7816080161417188,18.1998083184552
severe,weighted_oracle,0.75,0.944515306122449,0.8531875904836816,27.2997124776828
severe,weighted_oracle,1.0,0.9655399659863946,0.9056951996625742,36.3996166369104
severe,weighted_oracle,1.25,0.9773809523809524,0.9330728543255475,45.499520796138
severe,weighted_oracle,1.5,0.9840986394557822,0.9506543323871733,54.5994249553656
severe,weighted_oracle,2.0,0.9910714285714286,0.9702010875141069,72.7992332738208
severe,weighted_oracle,2.5,0.9947597789115646,0.9803837078075305,90.999041592276
severe,weighted_oracle,3.0,0.9970450680272108,0.9892684928696008,109.1988499107312
