regime,method,n,true_marginal_mean,true_marginal_sd,true_marginal_ci_lo,true_marginal_ci_hi,worst_region_coverage_mean,worst_region_coverage_sd,worst_region_coverage_ci_lo,worst_region_coverage_ci_hi,coverage_gap_mean,coverage_gap_sd,coverage_gap_ci_lo,coverage_gap_ci_hi,mean_width_mean,mean_width_sd,mean_width_ci_lo,mean_width_ci_hi,mean_interval_score_mean,mean_interval_score_sd,mean_interval_score_ci_lo,mean_interval_score_ci_hi,coverage_rmse_mean,coverage_rmse_sd,coverage_rmse_ci_lo,coverage_rmse_ci_hi,cond_cov_error_mean_mean,cond_cov_error_mean_sd,cond_cov_error_mean_ci_lo,cond_cov_error_mean_ci_hi,cond_cov_error_max_mean,cond_cov_error_max_sd,cond_cov_error_max_ci_lo,cond_cov_error_max_ci_hi,frac_infinite_mean,frac_infinite_sd,frac_infinite_ci_lo,frac_infinite_ci_hi
none,split,30,0.9081436519979765,0.021892406306589715,0.8999688931346942,0.9163184108612589,0.8107867285803428,0.05304706534550667,0.7909786288433227,0.830594828317363,0.16728528712236626,0.056189072272375365,0.1463039427171169,0.1882666315276156,2.4920494511832687,0.24227047461745227,2.4015841692058144,2.582514733160723,3.2740071257500487,0.22198335440817343,3.1911171789558885,3.356897072544209,0.057339230537416505,0.01611159544505263,0.05132306192527,0.06335539914956301,0.05497817528901179,0.012803164486429352,0.050197395099855706,0.059758955478167876,0.14322608211391483,0.05883115867900305,0.12125816643058554,0.1651939977972441,0.0,0.0,0.0,0.0
none,normalized,30,0.9072078907435508,0.02818585325959167,0.896683120166656,0.9177326613204456,0.8252315997289792,0.04806020272329447,0.8072856250982627,0.8431775743596956,0.1446984380401067,0.043448623061420076,0.12847445555528295,0.16092242052493047,2.4146472328575026,0.29529802159833796,2.3043811394201574,2.5249133262948478,3.0568146457728984,0.20997697266000048,2.9784079556037666,3.1352213359420302,0.05298221351531654,0.010992193693766444,0.04887766093363046,0.05708676609700262,0.05259921457925258,0.01273049999085095,0.0478455677586699,0.05735286139983526,0.12383617544263933,0.043795951469766725,0.10748249839866851,0.14018985248661014,0.0,0.0,0.0,0.0
none,di_normalized,30,0.9109256449165403,0.024065162038231714,0.9019395657293865,0.919911724103694,0.8235193947798832,0.04869051606493667,0.8053380572793171,0.8417007322804494,0.15209344412554077,0.04416638434770592,0.13560144517169048,0.16858544307939105,2.441292620773031,0.20891085310330612,2.3632840261888863,2.5193012153571757,3.1093114285480015,0.19312160183601473,3.0371986372818793,3.1814242198141236,0.05546478552309187,0.01361480161046297,0.050380935051000934,0.06054863599518281,0.033144179436955086,0.011875843861555267,0.02870966645986934,0.03757869241404083,0.07256711602719208,0.029784045005619944,0.06144557084461416,0.08368866120977,0.0,0.0,0.0,0.0
none,di_normalized_auto,30,0.9090667678300456,0.022317483640252222,0.9007332824817769,0.9174002531783143,0.824748561714721,0.0407204937569804,0.8095432794540446,0.8399538439753974,0.15044710017281293,0.036849824868848684,0.13668714942832358,0.16420705091730228,2.428710661204092,0.20098585954688727,2.3536613078476827,2.5037600145605015,3.10054762612886,0.1837247348009539,3.0319436826799295,3.1691515695777905,0.053831580474416114,0.012158731585750643,0.04929143548510228,0.05837172546372995,0.029931818181818167,0.011571787139011618,0.025610841850852772,0.03425279451278356,0.06593050274609209,0.028509063006063227,0.05528504366640476,0.07657596182577943,0.0,0.0,0.0,0.0
none,di_cqr_auto,30,0.9267197774405667,0.022163282041354284,0.9184438719156244,0.934995682965509,0.854399154058816,0.05541680916404995,0.8337061774374072,0.8750921306802247,0.11897803027870907,0.048126724629631606,0.10100721595993743,0.1369488445974807,2.7799139139426017,0.2668674239471042,2.6802639801399275,2.879563847745276,3.2177270304410763,0.2418981932325563,3.127400760617343,3.3080533002648096,0.050744385802801356,0.012681772541031698,0.04600893411100976,0.055479837494592954,0.04151933786534546,0.012916996306815368,0.036696052175898886,0.04634262355479203,0.0782659292545224,0.01765122862714873,0.07167485216382481,0.08485700634521999,0.0,0.0,0.0,0.0
none,region_mondrian,30,0.9515174506828527,0.01870849458082856,0.9445315839968657,0.9585033173688396,0.8587962854960984,0.06879324248037215,0.8331084665864394,0.8844841044057574,0.13737191956799058,0.0675502735676245,0.11214823287815112,0.16259560625783004,3.282496472668268,0.3470595285439299,3.152902314889592,3.4120906304469445,3.6021355140499534,0.29176483242481266,3.4931887351323296,3.711082292967577,0.07202579456105297,0.010024673069198482,0.0682825201180206,0.07576906900408534,0.05940287859584436,0.013538131250707942,0.054347657306593404,0.06445809988509532,0.0926904981372662,0.015570885067394872,0.08687623409834588,0.0985047621761865,0.0,0.0,0.0,0.0
none,di_mondrian,30,0.9361026808295396,0.02069447279357858,0.9283752376914438,0.9438301239676354,0.8696676404377681,0.0402906070087009,0.8546228805270103,0.8847124003485259,0.11527129609173334,0.036218267056244556,0.1017471729101879,0.12879541927327878,2.810270516864708,0.27898995340160615,2.706093956170692,2.914447077558724,3.268940400441592,0.22149999705669043,3.1862309422487227,3.3516498586344614,0.05525783069513977,0.011917170663574925,0.0508078860365673,0.059707775353712245,0.04650283250758534,0.014489564966699743,0.041092340030064484,0.0519133249851062,0.08522295195298998,0.015130869251052571,0.07957299252016252,0.09087291138581745,0.0,0.0,0.0,0.0
none,cqr,30,0.9010242792109255,0.02592013031948191,0.8913455434840613,0.9107030149377898,0.8081487166486044,0.05582329715917738,0.7873039549152966,0.8289934783819123,0.15465997193078054,0.048596500816337526,0.1365137403009901,0.172806203560571,2.545415930519303,0.24130977430731312,2.45530937993324,2.635522481105366,3.2037944669085276,0.2286772689978537,3.1184049713276463,3.289183962489409,0.05400202377166895,0.01424950279100002,0.04868117198375787,0.059322875559580025,0.043489879786457734,0.012511876889819518,0.03881786817343728,0.04816189139947819,0.10322915466451589,0.04247068708469529,0.0873703394747577,0.11908796985427408,0.0,0.0,0.0,0.0
none,di_cqr,30,0.9373292867981792,0.022223056809278083,0.9290310610080709,0.9456275125882875,0.8704264786467184,0.04970348631108751,0.8518668918398861,0.8889860654535507,0.10945093094284467,0.04144396594517255,0.09397549972732352,0.1249263621583658,2.913264748658834,0.2874938434516782,2.8059127832338047,3.020616714083863,3.2794379294978233,0.25385750874462676,3.184645977870457,3.37422988112519,0.054956344942173135,0.01279341993460563,0.05017920342846798,0.05973348645587829,0.04720452625110419,0.015601455696228346,0.041378846951772914,0.053030205550435465,0.08032184967546184,0.014307809096069077,0.07497922595542629,0.08566447339549739,0.0,0.0,0.0,0.0
none,localized,30,0.9043626707132018,0.02071213083762711,0.8966286339530951,0.9120967074733084,0.8169929994273801,0.04674198739968865,0.7995392544880666,0.8344467443666936,0.15646352875517053,0.04474495927409797,0.1397554863732311,0.17317157113710996,2.4265143938142373,0.22025900519427075,2.3442683295984623,2.5087604580300122,3.134910873523247,0.17156316084355308,3.0708481364226476,3.1989736106238467,0.05232066396208597,0.014029092261753742,0.04708211481840155,0.05755921310577039,0.04964249913584515,0.012620411820444549,0.04492995991367669,0.054355038358013606,0.1273667281176787,0.051760905681934845,0.10803888829188704,0.14669456794347038,0.0,0.0,0.0,0.0
none,localized_cqr,30,0.89750885179565,0.02729886145765329,0.887315289400853,0.907702414190447,0.8154635341941787,0.056041101628841114,0.794537442935285,0.8363896254530724,0.1434428582553201,0.04892692185450263,0.12517324538216484,0.16171247112847537,2.5093272639513544,0.22859386892493735,2.423968910469506,2.594685617433203,3.153342705628302,0.22479488868908765,3.0694029146799426,3.237282496576661,0.05180942807625469,0.015539023371688087,0.046007061390038816,0.05761179476247056,0.041564350731651115,0.012990836205308557,0.036713492770969594,0.046415208692332635,0.0992929292929293,0.04378821926327071,0.08294213950231477,0.11564371908354382,0.0,0.0,0.0,0.0
none,geo_localized,30,0.9025923115832071,0.02257692805810644,0.894161948097164,0.9110226750692502,0.8147912689344552,0.04197603806549365,0.7991171587240082,0.8304653791449021,0.15610962982686435,0.042744663492031036,0.14014851016528004,0.17207074948844867,2.422752262390765,0.22915788796431735,2.337183300738364,2.5083212240431663,3.184888941352958,0.18285581612644183,3.1166094574694343,3.253168425236482,0.051857300636002156,0.013296386341372313,0.04689234837942716,0.056822252892577155,0.05246624995199138,0.012623965775405815,0.04775238366123062,0.05718011624275214,0.13469188078503672,0.053756069880829004,0.1146190344035379,0.15476472716653553,0.0,0.0,0.0,0.0
none,weighted_oracle,30,0.9054375316135559,0.022235454477566734,0.8971346764580271,0.9137403867690846,0.8067783409489102,0.05547142846890964,0.7860649691438814,0.8274917127539391,0.16943934866111554,0.058953236843572614,0.1474258482419718,0.19145284908025928,2.4672756490418366,0.24476894846961458,2.3758774215954555,2.5586738764882178,3.272464886965615,0.22338720930808859,3.1890507321367085,3.3558790417945215,0.05761398884616389,0.016990330855617013,0.051269695039126,0.06395828265320178,0.055397069554864224,0.013402850602373229,0.050392362889886064,0.060401776219842385,0.14713974344202485,0.06246482796711487,0.12381499334756517,0.17046449353648452,0.0,0.0,0.0,0.0
none,weighted_estimated,30,0.9051719777440568,0.018325810987684585,0.8983290074601863,0.9120149480279273,0.8059613483418722,0.05254765446505297,0.7863397316923773,0.8255829649913671,0.17086766961215064,0.05706611718007355,0.14955883125615432,0.19217650796814695,2.4588570929195166,0.22628662063415664,2.3743602801084704,2.5433539057305627,3.2655879518456756,0.21919487946073463,3.1837392387090855,3.3474366649822658,0.05658881607996238,0.016150553603413872,0.05055810025240699,0.06261953190751776,0.054114222068594696,0.01310545871909868,0.049220563357853304,0.05900788077933609,0.14562459192687333,0.05884088490420687,0.12365304441136543,0.16759613944238122,0.0,0.0,0.0,0.0
none,width_matched_global,30,0.9417804754678806,0.018501060460809852,0.9348720659552815,0.9486888849804797,0.8579912807171807,0.047833463608698425,0.8401299718632974,0.8758525895710639,0.13541477062973223,0.048118796130929634,0.11744691686103119,0.15338262439843325,2.9132647486588343,0.2874938434516782,2.805912783233805,3.0206167140838636,3.3987989899528324,0.25112761430179636,3.3050263976631205,3.4925715822425443,0.06325829532738586,0.011475366311783895,0.058973323125018594,0.06754326752975313,0.060440766985443775,0.012954566482902243,0.05560345236168728,0.06527808160920026,0.10703537273879478,0.02645229454572358,0.09715792362408879,0.11691282185350077,0.0,0.0,0.0,0.0
mild,split,30,0.7790465351542741,0.061602147029505894,0.7560439154159819,0.8020491548925663,0.5472474917908384,0.15403145243218946,0.48973120219889554,0.6047637813827813,0.4065378763959175,0.15404097341819048,0.34901803160937384,0.46405772118246114,2.231329855164188,0.25707072908394263,2.135338067343365,2.327321642985011,5.457439393654711,1.601643651950963,4.859375825116567,6.055502962192856,0.1681473059951297,0.06496932021157541,0.14388736312712538,0.192407248863134,0.14707331873871798,0.050690044150228784,0.12814534518048354,0.16600129229695243,0.45158092330145566,0.15627721353381366,0.3932260527324737,0.5099357938704376,0.0,0.0,0.0,0.0
mild,normalized,30,0.8718133535660091,0.042086251524254686,0.8560980889737074,0.8875286181583107,0.7183857931904936,0.12707472290553837,0.6709353118307304,0.7658362745502567,0.24647909331250734,0.11968240489641807,0.20178894886221715,0.2911692377627975,2.9884983548305133,0.5338008313889231,2.7891738485833137,3.187822861077713,4.440669382074179,0.8078916193870082,4.138997693559631,4.7423410705887274,0.08571407326722576,0.04106632621225233,0.07037965504546072,0.1010484914889908,0.06790312824058072,0.028967868232718894,0.05708634847368346,0.07871990800747797,0.21802358182586318,0.14655549545510901,0.16329886044730166,0.2727483032044247,0.0,0.0,0.0,0.0
mild,di_normalized,30,0.8448406676783006,0.04825753559773527,0.8268210077412838,0.8628603276153174,0.6967465897582759,0.10527520743628521,0.657436181253085,0.7360569982634667,0.25632164153979914,0.09564635882173049,0.22060670419719774,0.29203657888240053,2.6671261262999333,0.3430097444148445,2.539044182767603,2.7952080698322637,4.23077836336948,0.6905331734783714,3.9729290387576106,4.488627687981349,0.09883494564465847,0.042942857799434374,0.08279981901241924,0.1148700722768977,0.06825261166801092,0.040855045049279205,0.05299708712908143,0.08350813620694039,0.1638195644659523,0.09543890290836951,0.12818209243450665,0.19945703649739796,0.0,0.0,0.0,0.0
mild,di_normalized_auto,30,0.8524658573596358,0.051891636925470684,0.8330892016852418,0.8718425130340297,0.7197716548529932,0.10486665811458515,0.6806138011716936,0.7589295085342929,0.2278120534968209,0.087975849710458,0.19496133132842758,0.26066277566521423,2.807429855847414,0.4379482356889327,2.6438972970587837,2.970962414636044,4.1761856828378825,0.6007611746366637,3.9518577735025477,4.400513592173217,0.08990711667245824,0.04377134603881855,0.07356262744740105,0.10625160589751542,0.06285964204785498,0.040790566707592,0.047628194117399485,0.07809108997831048,0.13882897415216805,0.07550121970464353,0.11063635538173258,0.16702159292260352,0.0,0.0,0.0,0.0
mild,di_cqr_auto,30,0.9038442083965603,0.03251849757155634,0.8917016018451878,0.9159868149479329,0.7716067377384934,0.1244144527326352,0.7251496175867269,0.8180638578902599,0.20425825657760313,0.119811695809752,0.159519834106847,0.24899667904835926,3.382586552487558,0.5286915965787594,3.1851698658726115,3.580003239102504,4.452140383566254,0.79715496343412,4.154477828272775,4.749802938859734,0.0686710478009738,0.035303298306172064,0.05548857956564732,0.08185351603630028,0.0489541613857203,0.021452086599444035,0.0409438206032217,0.0569645021682189,0.1603436455812882,0.12529283635991326,0.11355853159266818,0.2071287595699082,0.0,0.0,0.0,0.0
mild,region_mondrian,30,0.8270232675771372,0.05275436782197847,0.8073244628916164,0.8467220722626579,0.5761377551966939,0.17225005070089253,0.5118185292080868,0.6404569811853009,0.3984311316605335,0.16407826420617178,0.3371633008973321,0.4596989624237349,2.715151359040556,0.3785849253927927,2.5737854246147798,2.8565172934663323,5.2376532265949525,1.3779294387701968,4.723125918138517,5.752180535051388,0.14649358249886354,0.058273298585028915,0.12473397519807665,0.16825318979965043,0.11190568229826783,0.04186452340739645,0.09627321234549288,0.12753815225104279,0.3823368667665246,0.16860982888486853,0.31937692194318157,0.44529681158986767,0.0,0.0,0.0,0.0
mild,di_mondrian,30,0.8684117349519472,0.041405249063147125,0.8529507608577706,0.8838727090461239,0.7006164412021144,0.1256126814623681,0.6537118950894257,0.7475209873148031,0.27001630669440657,0.1251301831123547,0.22329192842658857,0.3167406849622246,2.881149350259248,0.3787335111457296,2.7397279330014905,3.0225707675170055,4.483175002120622,0.8939607166462111,4.149364584504258,4.816985419736986,0.09176256312079503,0.03908272024407278,0.07716883554045824,0.10635629070113183,0.07206283365979181,0.027828467388739436,0.06167151316026385,0.08245415415931977,0.2385253677459001,0.1660102084484869,0.17653613714674374,0.3005145983450565,0.0,0.0,0.0,0.0
mild,cqr,30,0.8669575113808802,0.03909602240704988,0.8523588166912556,0.8815562060705048,0.6991721429138829,0.1276187710155381,0.6515185106511542,0.7468257751766115,0.2651078439735178,0.12347699127119868,0.21900077768442586,0.3112149102626097,3.006972635348132,0.45731966720983536,2.8362066651518076,3.1777386055444565,4.575384494389372,0.9046048174825767,4.237599504200436,4.913169484578307,0.09007534876765948,0.04201947238771999,0.0743850199147473,0.10576567762057165,0.06474886699696586,0.02808638424842347,0.0542612387592585,0.07523649523467321,0.21310375619310984,0.14598511840693668,0.15859201710460183,0.2676154952816178,0.0,0.0,0.0,0.0
mild,di_cqr,30,0.9203591299949418,0.031325205466390095,0.9086621060385834,0.9320561539513003,0.8048369276687766,0.11556390836978753,0.7616846550957471,0.847989200241806,0.1784795769422956,0.10949866721493982,0.13759210263740412,0.21936705124718708,3.607764253129553,0.5546248955328595,3.400663913538763,3.8148645927203426,4.472043066806204,0.7174509426961644,4.204142481980573,4.739943651631836,0.06685869004988235,0.028494063359111428,0.05621883193041602,0.07749854816934867,0.053282252179590574,0.01884202165124061,0.04624652566608834,0.06031797869309281,0.1449689864423705,0.11041106776441709,0.10374081617312274,0.18619715671161824,0.0,0.0,0.0,0.0
mild,localized,30,0.8068791097622661,0.05099794494087674,0.787836164159291,0.8259220553652411,0.6130760651198436,0.14679995881448274,0.5582600596226794,0.6678920706170077,0.33572033593234757,0.14174505454666197,0.2827918627095124,0.38864880915518274,2.370524629727071,0.28991396563672134,2.2622689758264425,2.4787802836276995,4.804166237583513,1.0484351047599043,4.4126741354735435,5.195658339693483,0.13513454086696033,0.05586152016881056,0.1142755064272901,0.15599357530663058,0.11554403349080156,0.04159231776167101,0.10001320679660068,0.13107486018500242,0.3610362176902102,0.1410163852091329,0.30837983406967584,0.4136926013107446,0.0,0.0,0.0,0.0
mild,localized_cqr,30,0.8657688416793121,0.037125992135601374,0.8519057683826456,0.8796319149759786,0.7072510694878889,0.09937818564989366,0.6701426451063328,0.7443594938694449,0.25289711898973494,0.09670846365701574,0.21678558518375757,0.2890086527957123,2.9900943039693,0.4581774431215313,2.819008034983585,3.161180572955015,4.4705120428072656,0.7157595935451613,4.203243018134019,4.737781067480512,0.08793385021521632,0.03564571621717754,0.0746235210305845,0.10124417939984814,0.06250086415485655,0.025533521172490154,0.05296649065600585,0.07203523765370724,0.20502352421553943,0.12021339558877948,0.16013510458216007,0.2499119438489188,0.0,0.0,0.0,0.0
mild,geo_localized,30,0.7838391502276175,0.04953656866551975,0.7653418914939735,0.8023364089612616,0.5854347663215335,0.14516789937492036,0.5312281818346558,0.6396413508084111,0.34758794488843275,0.146477987769266,0.29289216535541096,0.40228372442145455,2.235240430883031,0.22185261128897352,2.152399304371919,2.318081557394143,5.175039928476201,1.4354153934829132,4.639047011752639,5.711032845199763,0.15487275362844866,0.057694953190690686,0.13332910404707343,0.17641640320982388,0.1342609747666782,0.04295076523748219,0.11822289544854588,0.1502990540848105,0.41140684410646383,0.1495854146346213,0.35555073231239137,0.4672629559005363,0.0,0.0,0.0,0.0
mild,weighted_oracle,30,0.9223065250379363,0.043992241868151774,0.9058795519546218,0.9387334981212508,0.8158140487514383,0.08901299258024788,0.7825760510707704,0.8490520464321061,0.17213829771074024,0.07899972003484523,0.1426393174475572,0.20163727797392328,10.196793979983095,3.6485527122845953,8.834402006930617,11.559185953035573,10.960245467172467,3.669862266945346,9.589896375638082,12.330594558706851,0.07542339086600444,0.01634550184926318,0.0693198801670987,0.08152690156491019,0.06819371471367668,0.013602925144671487,0.06311429898679528,0.07327313044055807,0.12648020125206436,0.04718551309533094,0.1088608410961881,0.1440995614079406,0.0,0.0,0.0,0.0
mild,weighted_estimated,30,0.8782119372787052,0.03990278520698526,0.8633119924086765,0.8931118821487338,0.7090478938826094,0.102604712215285,0.6707346646811232,0.7473611230840955,0.2738692126185357,0.10339918689147033,0.235259321697463,0.3124791035396084,4.6987941160990285,2.538465898801095,3.750915371535534,5.646672860662523,6.264415063595821,2.569056867608002,5.305113463550451,7.2237166636411905,0.0954021654128527,0.03073795544694859,0.08392442421756502,0.10687990660814037,0.08895985520605293,0.024617414622916823,0.0797675615147372,0.09815214889736866,0.2501054268924991,0.12311295193516043,0.20413429512550518,0.296076558659493,0.0,0.0,0.0,0.0
mild,width_matched_global,30,0.9144031360647447,0.04510280398936311,0.8975614722701187,0.9312447998593706,0.7482649858511958,0.15360366975787323,0.6909084329350414,0.8056215387673502,0.24974138920419467,0.15259550578168524,0.19276129090360727,0.30672148750478206,3.607764253129553,0.5546248955328593,3.400663913538763,3.8148645927203426,4.9035881569331785,1.106548305892157,4.4903962288937675,5.3167800849725895,0.09353463924737405,0.04039746093843235,0.07844997942351778,0.10861929907123033,0.09138249414295042,0.030238014510332988,0.08009143396141162,0.10267355432448923,0.23214598456043326,0.17572965930468698,0.166527451365653,0.2977645177552135,0.0,0.0,0.0,0.0
moderate,split,30,0.5112923621648963,0.07880609489690286,0.4818656827164516,0.540719041613341,0.23495533217658274,0.12001289841355685,0.19014177941883417,0.2797688849343313,0.6031899159407632,0.16845477291156064,0.5402878699693944,0.666091961912132,1.7960453253092188,0.2616229905861861,1.6983536951073304,1.8937369555111072,12.739257492451506,3.5682532985252657,11.406849813274839,14.071665171628172,0.41212460709585946,0.07183826330238878,0.3852997587247033,0.43894945546701564,0.3927640377155586,0.07588757087905064,0.3644271530456558,0.42110092238546143,0.7190469332104314,0.10275003079677694,0.6806794411588312,0.7574144252620317,0.0,0.0,0.0,0.0
moderate,normalized,30,0.7730652503793626,0.08024397329212224,0.743101658314231,0.8030288424444941,0.524554481326018,0.1844375654603289,0.4556843625344074,0.5934246001176287,0.42967631923222915,0.18236633024736607,0.3615796123798084,0.4977730260846499,3.6217657886953516,0.950641560071553,3.2667903963073397,3.9767411810833635,7.864244525829235,2.379970750706265,6.975548842210733,8.752940209447736,0.18735827690335768,0.08170680436284698,0.15684845473937714,0.21786809906733823,0.1522027979413911,0.06667500269428596,0.12730594276698187,0.17709965311580034,0.39546241886546074,0.16487509577136827,0.3338970463058524,0.4570277914250691,0.0,0.0,0.0,0.0
moderate,di_normalized,30,0.7580298431967628,0.09705402636240465,0.7217892741559585,0.7942704122375671,0.5303662284988838,0.1715162870416758,0.46632099436355834,0.5944114626342093,0.4009475789093744,0.15587359061973285,0.34274342361344634,0.4591517342053024,3.5643914746222083,0.5702549382992219,3.351454781144667,3.7773281680997495,7.122606032987035,2.4170576190323314,6.2200618851424405,8.025150180831629,0.19197859879060417,0.09297774328045616,0.15726013886776263,0.2266970587134457,0.15427530053385566,0.08772868289630488,0.12151687197067006,0.18703372909704125,0.2785958443753121,0.1369815820496833,0.22744608101512717,0.329745607735497,0.0,0.0,0.0,0.0
moderate,di_normalized_auto,30,0.8329919069296916,0.0958072083933475,0.7972169073699535,0.8687669064894297,0.6215747985965232,0.19126211394807743,0.5501563515189841,0.6929932456740623,0.3466728188255747,0.17777544570566242,0.280290376434174,0.41305526121697544,4.7007598744010775,0.9812370928571458,4.334359922313542,5.067159826488613,6.952794964479221,1.7291566261018143,6.307117268876873,7.598472660081569,0.13712874264933506,0.09043197603252634,0.10336088783962831,0.1708965974590418,0.11190405960748165,0.07314041402799981,0.08459298016439831,0.13921513905056498,0.21179052886277225,0.1348758207786557,0.16142706968373657,0.26215398804180795,0.0,0.0,0.0,0.0
moderate,di_cqr_auto,30,0.8101669195751139,0.08674131320499563,0.7777771809139121,0.8425566582363156,0.5563529541564176,0.180086444969218,0.48910757045796177,0.6235983378548735,0.41546017068337027,0.1637588378466376,0.3543116156830612,0.47660872568367935,3.9277276526190885,0.686992422058616,3.6712004663160904,4.184254838922087,7.465770576773523,2.1716842280857027,6.654850358905545,8.276690794641501,0.16390986256871895,0.07902584316192057,0.1344011277695747,0.1934185973678632,0.11701465222567885,0.07322083993335035,0.08967354125598329,0.1443557631953744,0.31763231171025846,0.17997700784445228,0.2504277925057793,0.38483683091473764,0.0,0.0,0.0,0.0
moderate,region_mondrian,30,0.5499873545776429,0.0844953428858941,0.5184362750165702,0.5815384341387156,0.24031169898488583,0.12424340565796305,0.1939184488604764,0.2867049491092953,0.6449845629610247,0.1407921571288233,0.5924119074817114,0.697557218440338,2.089041218318419,0.39034935894704603,1.9432823722080015,2.234800064428836,12.174532940747747,3.426748406522594,10.89496405662617,13.454101824869324,0.39240688447892536,0.07265365075599153,0.36527756542875833,0.4195362035290924,0.3562118907708261,0.08020283150071139,0.3262636613030846,0.3861601202385676,0.7033764450589547,0.10880063095228558,0.662749621778218,0.7440032683396914,0.0,0.0,0.0,0.0
moderate,di_mondrian,30,0.717412746585736,0.09914212548326463,0.6803924685190433,0.7544330246524286,0.43850619733348684,0.1759696418135055,0.37279805319719916,0.5042143414697745,0.510629148559521,0.18469468090229982,0.44166302128402324,0.5795952758350188,3.0633926131086593,0.5526610513176143,2.857025584999479,3.26975964121784,8.758695012909817,2.9142026352770976,7.670513865140721,9.846876160678912,0.23664625862098249,0.09331902727500654,0.20180036116019853,0.2714921560817664,0.19905975150747013,0.09158300710146693,0.16486209463302173,0.23325740838191852,0.516067039213427,0.17827407087559752,0.44949840712363043,0.5826356713032236,0.0,0.0,0.0,0.0
moderate,cqr,30,0.7573343449671219,0.0901071001331451,0.723687800811929,0.7909808891223149,0.48367103699884717,0.1767754279061238,0.4176620073906615,0.5496800666070328,0.47043586450691777,0.16140145291828203,0.4101675715055577,0.5307041575082778,3.4755072278326082,0.6102212955979015,3.2476468512758734,3.703367604389343,8.05533866161118,2.592356437315283,7.0873368592532895,9.023340463969072,0.2037641134259084,0.08546659143115162,0.17185036369771914,0.23567786315409764,0.15202204555056267,0.08526554111740983,0.12018336924332175,0.1838607218578036,0.37094231286246504,0.18130006449071018,0.3032437561869946,0.43864086953793546,0.0,0.0,0.0,0.0
moderate,di_cqr,30,0.8327516439049065,0.07874858310801632,0.803346439711368,0.8621568480984451,0.5866105154051159,0.17430881960006486,0.5215225324753912,0.6516984983348406,0.3936985294750454,0.16305565618773538,0.3328125468214262,0.45458451212866463,4.156833851633644,0.7203305073377211,3.8878580196996637,4.425809683567625,7.215771504733216,1.9344698278750077,6.4934285996313035,7.938114409835129,0.14807113093736315,0.07273374567358316,0.1209119039534443,0.175230357921282,0.1039823712409264,0.06447671208955923,0.07990637126869982,0.12805837121315297,0.29004772055152284,0.17829132266593897,0.22347264653734272,0.35662279456570295,0.0,0.0,0.0,0.0
moderate,localized,30,0.6149848254931715,0.08455033775499937,0.5834132105104847,0.6465564404758583,0.3528240215477085,0.13767693916259302,0.30141460757432464,0.4042334355210923,0.537989182169061,0.15400110287951038,0.48048422528633633,0.5954941390517856,2.396867600237836,0.35039825194576524,2.2660267426519765,2.527708457823696,10.144539783746401,3.0006281291092276,9.02408682620804,11.264992741284763,0.31809328924665586,0.0778400550169398,0.2890273350177424,0.3471592434755693,0.290156997733994,0.08248298727480202,0.25935734410744266,0.32095665136054535,0.6059290624879979,0.1276121394453532,0.5582779064942727,0.6535802184817232,0.0,0.0,0.0,0.0
moderate,localized_cqr,30,0.7662999494183105,0.0856863138964776,0.7343041539731849,0.798295744863436,0.5008691363463065,0.1526258363775628,0.4438777124150869,0.5578605602775261,0.44792658424536597,0.1321236825887473,0.3985907903556484,0.4972623781350835,3.5426347932677666,0.6610621734873431,3.295790120908945,3.7894794656265884,7.997902987801871,2.4594713450722683,7.079521294371188,8.916284681232554,0.19449439133171653,0.07794822377252522,0.165388046225662,0.22360073643777106,0.1445491992164996,0.07962735559365856,0.11481585598400809,0.17428254244899113,0.3749337481276644,0.1965984930259808,0.30152266435436864,0.44834483190096014,0.0,0.0,0.0,0.0
moderate,geo_localized,30,0.5559433485078402,0.07992417891085268,0.5260991696271755,0.5857875273885049,0.2937570864583085,0.11613590594692572,0.2503912264797649,0.3371229464368521,0.5507531662840789,0.13585432308396062,0.5000243283394104,0.6014820042287474,2.0786271042383833,0.2673616695986423,1.9787926160763587,2.178461592400408,11.333735372554097,2.9922983234424603,10.216392815569709,12.451077929538485,0.3723352267741441,0.07176424748458422,0.34553801636357334,0.39913243718471486,0.3473310961324269,0.0780266358564176,0.318195471473051,0.3764667207918028,0.660787053039905,0.12738458672436404,0.6132208666286332,0.7083532394511769,0.0,0.0,0.0,0.0
moderate,weighted_oracle,30,0.9632903388973192,0.027383008964253483,0.9530653553071649,0.9735153224874735,0.8740282706385956,0.08836210039353767,0.8410333200948132,0.9070232211823779,0.12420253080020463,0.08618934959699617,0.092018898737497,0.15638616286291226,33.181993657994255,9.044057004507511,29.80488727132107,36.55910004466744,33.52520548730571,9.000516551184843,30.164357373100444,36.88605360151098,0.08147738584195646,0.014273543823666178,0.07614755698491384,0.08680721469899909,0.07641748281292005,0.012932108148707645,0.07158855426897318,0.08124641135686692,0.10407420209701579,0.013642914292052893,0.09897985417709845,0.10916855001693312,0.0,0.0,0.0,0.0
moderate,weighted_estimated,30,0.9051466868993424,0.062417870391686794,0.8818394710517149,0.9284539027469699,0.765333624297822,0.12018579273640487,0.7204555117389114,0.8102117368567326,0.22142494191322307,0.1060058238995459,0.18184171673703417,0.26100816708941194,25.01479857845259,8.258211851348769,21.931131594510493,28.09846556239469,26.33694879021493,7.834070859756624,23.411658655384002,29.262238925045857,0.0939494495237272,0.03299964288421629,0.08162718035993508,0.10627171868751933,0.07866921112263318,0.03255914470879076,0.0665114266807757,0.09082699556449067,0.15222481468679183,0.08013671803032893,0.12230127239461354,0.18214835697897014,0.0,0.0,0.0,0.0
moderate,width_matched_global,30,0.8131385938290339,0.09376178154426092,0.7781273692070345,0.8481498184510332,0.5385655135993335,0.19973266179915636,0.4639841119724984,0.6131469152261686,0.45769343395411816,0.19584953208825837,0.3845620167911601,0.5308248511170762,4.156833851633644,0.7203305073377207,3.8878580196996637,4.425809683567625,8.016163166974357,2.399052704182613,7.120342164826455,8.91198416912226,0.1760592499423561,0.08355776069666902,0.14485826932445514,0.20726023056025708,0.15952691362292123,0.07286449206631367,0.13231886513359783,0.18673496211224463,0.40112762607059177,0.19433645285444384,0.3285612019789413,0.47369405016224225,0.0,0.0,0.0,0.0
severe,split,30,0.34905159332321695,0.09528999052041531,0.3134697260912727,0.3846334605551612,0.13691362045419966,0.08685587940069647,0.10448110207245817,0.16934613883594116,0.5381601114736468,0.14216140560205526,0.4850761702116821,0.5912440527356115,1.468212224447553,0.3120258567889808,1.3516998546953436,1.5847245941997625,19.90974582873907,7.668306241332346,17.046353219685134,22.773138437793005,0.5556507768677836,0.08299001610873238,0.5246617955631294,0.5866397581724379,0.5515702941967201,0.09486226675126082,0.5161481416450154,0.5869924467484248,0.7773730652532934,0.08512357518463429,0.7455873998965614,0.8091587306100254,0.0,0.0,0.0,0.0
severe,normalized,30,0.6128224582701063,0.12958337517099533,0.5644352307594295,0.6612096857807831,0.32295637555220325,0.18524558282553,0.2537845381178195,0.392128212986587,0.5752482206955456,0.18389884658405536,0.506579262838323,0.6439171785527682,3.1330730358861305,0.6753910226873414,2.880877883303348,3.385268188468913,13.025739749959017,6.496757675252944,10.599810564989282,15.451668934928753,0.3286531144781162,0.12302495280026535,0.28271484212812154,0.37459138682811083,0.2909502054768215,0.12896152583919132,0.2427951803227792,0.3391052306308638,0.5512962322848255,0.17740335360102616,0.48505273136873517,0.6175397332009158,0.0,0.0,0.0,0.0
severe,di_normalized,30,0.6912240768841681,0.1250278792168824,0.6445378995187337,0.7379102542496024,0.4254171014252801,0.17116279322843508,0.3615038640491247,0.4893303388014355,0.49504549388566005,0.13974652741257182,0.4428632829591717,0.5472277048121484,4.18213296663362,0.8573118318656937,3.862007467499642,4.502258465767599,9.642880717876881,3.944552288803091,8.169960686474598,11.115800749279165,0.26675369598049065,0.1114726313080465,0.22512913136949297,0.3083782605914883,0.22347182855167647,0.11480024696662851,0.18060471183299193,0.266338945270361,0.3824149287552331,0.15845156357607698,0.32324814253700973,0.44158171497345644,0.0,0.0,0.0,0.0
severe,di_normalized_auto,30,0.7891375821952452,0.10771283620170567,0.7489169481499083,0.8293582162405821,0.5571058753576997,0.17229035008665583,0.492771601331141,0.6214401493842585,0.40120949349162294,0.15410063606095886,0.3436673703081343,0.45875161667511155,5.602601170275377,1.661828534821928,4.982064197133147,6.223138143417606,8.759990961839378,2.5266802565356534,7.816513048423435,9.703468875255322,0.18360109923243198,0.09134668357662976,0.1494916870124181,0.21771051145244585,0.15524116641702193,0.07984939448541663,0.125424912499749,0.18505742033429487,0.2875603948227523,0.13155148477329473,0.23843826310876431,0.3366825265367403,0.0,0.0,0.0,0.0
severe,di_cqr_auto,30,0.6992159838138594,0.1287070984178853,0.6511559634202924,0.7472760042074265,0.3891803934717764,0.18194807691880885,0.3212398649789584,0.4571209219645944,0.5586017200806375,0.1630032977412916,0.49773528839223147,0.6194681517690435,3.7309473997870075,0.9075959817699324,3.392045490497122,4.069849309076893,10.544200579488281,4.470284816969711,8.874968795775231,12.213432363201331,0.2624215688723216,0.11509871609363949,0.21944300194997834,0.30540013579466485,0.2088422245266352,0.12226284646636679,0.16318852735858047,0.25449592169468993,0.44986125513692055,0.2113765260320299,0.37093196314995236,0.5287905471238887,0.0,0.0,0.0,0.0
severe,region_mondrian,30,0.3814997470915528,0.10146556926114031,0.343611880859789,0.41938761332331664,0.12807953808364447,0.07593277091472637,0.09972577544303869,0.15643330072425027,0.6327015390317381,0.12727255767833326,0.5851771849537493,0.6802258931097269,1.6555628874707153,0.34796781195578136,1.5256295710921381,1.7854962038492925,19.30658203043476,7.630748871468093,16.45721357376863,22.155950487100892,0.5354551784510958,0.08366130372595577,0.5042155342306406,0.566694822671551,0.519610698237124,0.10116337274110229,0.48183567404044936,0.5573857224337987,0.7631111495179936,0.09548651490413718,0.7274558988751451,0.7987664001608422,0.0,0.0,0.0,0.0
severe,di_mondrian,30,0.541831057157309,0.13420500012054654,0.4917180865286753,0.5919440277859426,0.2715249903204418,0.1713230331379604,0.2075519183787161,0.3354980622621675,0.5914384697937051,0.16457368764029562,0.5299856448799081,0.6528912947075021,2.630082483900495,0.693128490574229,2.371264051958199,2.888900915842791,14.666638839374352,6.539682113278183,12.224681405829099,17.108596272919605,0.3863059687517939,0.12275805827145096,0.3404673564567257,0.4321445810468621,0.3629346602911242,0.12973530503177785,0.3144907012380744,0.411378619344174,0.6512823097899144,0.13908431368793855,0.5993473735320496,0.7032172460477792,0.0,0.0,0.0,0.0
severe,cqr,30,0.6467121901871523,0.12762452458361642,0.599056409506795,0.6943679708675097,0.33427781056960554,0.16087927551869183,0.27420450181372885,0.3943511193254822,0.5883523832521914,0.14564888926075314,0.5339661941902253,0.6427385723141575,3.301560612077112,0.7864300410672549,3.0079028086116746,3.5952184155425493,11.496692955835954,5.040556969037882,9.6145180509184,13.378867860753507,0.3058305833484286,0.1126633297685394,0.2637614046252545,0.3478997620716027,0.25529556016438154,0.12593669362396628,0.20827002592216787,0.3023210944065952,0.49389906671275496,0.1962631493553631,0.42061320232399085,0.567184931101519,0.0,0.0,0.0,0.0
severe,di_cqr,30,0.7272888214466363,0.12324118466629864,0.6812698067909022,0.7733078361023704,0.4222903240935845,0.19231442865061038,0.3504789362483189,0.49410171193885016,0.5428959631049874,0.1776149369728013,0.4765734556594403,0.6092184705505346,3.948685259087429,0.8970338244387815,3.6137273241624,4.283643194012458,10.094067594868877,4.096625755787082,8.56436239765669,11.623772792081063,0.24056227012110507,0.11200242967150867,0.19873987554994624,0.2823846646922639,0.18676882897415223,0.11236015347336703,0.14481285814011505,0.2287247998081894,0.4246279333256519,0.2162014309449047,0.3438969922349419,0.5053588744163618,0.0,0.0,0.0,0.0
severe,localized,30,0.43916287303995943,0.09853827409100309,0.4023680767888272,0.4759576692910917,0.18708506510632533,0.10784737086345794,0.14681419499268344,0.22735593521996722,0.5837707118337477,0.12303812527600845,0.5378275208004742,0.6297139028670212,2.0760128191430156,0.5905878445559907,1.85548369369107,2.2965419445949613,16.962464354327448,6.824628928097853,14.414106031478855,19.51082267717604,0.47979754418412385,0.08537103012292054,0.4479194776348647,0.511675610733383,0.4616503533433192,0.09842260209073332,0.4248987497269388,0.49840195695969963,0.692962898951492,0.13181567886496184,0.6437421155423803,0.7421836823606037,0.0,0.0,0.0,0.0
severe,localized_cqr,30,0.6614188163884674,0.11528066213381763,0.6183723096981628,0.7044653230787721,0.34622258004821754,0.14670029962891604,0.2914437879025283,0.4010013721939068,0.5791672040323523,0.13061536227613957,0.5303946262035594,0.6279397818611453,3.435490085420277,0.8275208148901277,3.1264887348452395,3.744491435995314,10.999901044902483,4.297822414554494,9.39506778061132,12.604734309193645,0.29390081430520154,0.1014403408772961,0.2560223685067856,0.33177926010361747,0.2410700349502631,0.11327452341551614,0.1987726327685603,0.28336743713196594,0.4822305757191688,0.18422791912945383,0.4134387401540558,0.5510224112842818,0.0,0.0,0.0,0.0
severe,geo_localized,30,0.38065250379362675,0.07540958126439617,0.3524941033791426,0.4088109042081109,0.14259105072807157,0.08745222178661703,0.10993585443981838,0.17524624701632477,0.5700211600688926,0.11512608304207962,0.5270323741600574,0.6130099459777277,1.6972592124371029,0.3780411644910082,1.556096321668982,1.8384221032052237,18.71316244625626,6.990828504282975,16.10274418173355,21.32358071077897,0.5329328013912469,0.06764513835331136,0.5076736916082697,0.5581919111742241,0.5196739159657411,0.07541591923993977,0.4915131489122943,0.5478346830191878,0.7545300917924493,0.09123616651051104,0.7204619473231407,0.788598236261758,0.0,0.0,0.0,0.0
severe,weighted_oracle,30,0.9626327769347497,0.05183952830611205,0.9432755789386023,0.9819899749308971,0.8723760019494391,0.14613228776361425,0.8178093089200049,0.9269426949788733,0.1271623175334786,0.14597277349891402,0.07265518810938396,0.18166944695757323,42.702655819824855,10.675784410657696,38.71625240617882,46.68905923347089,43.14427782299835,10.461807065244821,39.23777486325668,47.05078078274001,0.09512107618215995,0.040497507088505434,0.07999905851190738,0.11024309385241253,0.09531486922456503,0.026371854957601398,0.08546745674570215,0.10516228170342791,0.13331115335868188,0.08890184034688203,0.10011466060406728,0.1665076461132965,0.0,0.0,0.0,0.0
severe,weighted_estimated,30,0.9015174506828527,0.08338451136432115,0.8703811624288397,0.9326537389368658,0.7237542683893878,0.18927663073508288,0.6530772129280111,0.7944313238507645,0.26869856121635305,0.17668912745024204,0.20272175672799864,0.33467536570470746,34.87230771563686,7.914128083624908,31.917123722121698,37.82749170915202,36.48829839530775,7.533014383547854,33.675424596203946,39.301172194411556,0.11472066669555946,0.07225334937674517,0.08774082263695578,0.14170051075416312,0.09339809693897146,0.05216293710705794,0.07392013611186922,0.11287605776607369,0.17741224027345698,0.1250078833370435,0.13073352949226433,0.22409095105464963,0.0,0.0,0.0,0.0
severe,width_matched_global,30,0.7031107738998482,0.13945791970431515,0.6510363308627386,0.7551852169369578,0.41347536117211375,0.19875603236506664,0.33925863896930636,0.48769208337492115,0.5595596106250001,0.19246023215359312,0.4876937788569599,0.6314254423930404,3.9486852590874304,0.8970338244387813,3.6137273241624013,4.283643194012459,11.575505684336168,6.073873201700462,9.307484156930647,13.843527211741689,0.2598885620846586,0.12611385755331347,0.21279687374401451,0.3069802504253027,0.23317709413526902,0.12171457651112705,0.1877281243331009,0.27862606393743716,0.5050144985981487,0.19565180008316038,0.4319569157793277,0.5780720814169698,0.0,0.0,0.0,0.0
