regime,group,frac_mean,frac_sd,coverage_mean,mean_width,mean_interval_score
none,clipped,0.0055766312594840665,0.005062456757947879,0.889428960870272,4.62112762996018,6.349574451576141
none,unclipped,0.994423368740516,0.005062456757947878,0.9162732946053898,2.6995586995379686,3.182197187084511
mild,clipped,0.08414264036418818,0.059465202430567805,0.7584866130311321,5.270441163349915,10.932063153519909
mild,unclipped,0.9158573596358118,0.05946520243056781,0.9065022017982969,3.1323080072279197,3.853997367529253
moderate,clipped,0.363277693474962,0.1157712220634949,0.6972843594864465,4.9233164143239385,12.104026432656546
moderate,unclipped,0.6367223065250379,0.11577122206349491,0.8682037517982157,3.321552273201143,4.770786485136368
severe,clipped,0.6045144157814872,0.14854504681430022,0.6175998718752899,4.17199197878502,14.086010524863052
severe,unclipped,0.39548558421851293,0.14854504681430025,0.8181060670591086,2.9634605389400788,5.032104121081405
hidden_moderate,clipped,0.1336874051593323,0.09043273389930793,0.6964091911645792,3.8681720954964045,9.408858534711563
hidden_moderate,unclipped,0.8663125948406678,0.09043273389930793,0.8553196426036871,2.964237803330182,4.434877976366336
hidden_severe,clipped,0.27938796155791606,0.20435405546679822,0.6465340635456175,3.6998984336366525,10.800056596819207
hidden_severe,unclipped,0.7206120384420839,0.20435405546679822,0.8254712561974065,3.076260848443053,4.8808649532631945
