regime,kappa,worst,interval_score,width
hidden_moderate,0.1,0.6852108555753006,4.866488300672169,3.063600045475987
hidden_moderate,0.25,0.5743359954232015,5.351516062313283,2.535190848928681
hidden_moderate,0.5,0.5134098637710726,5.896114464297423,2.2928606519016888
hidden_moderate,1.0,0.4701178962462677,6.406888452285292,2.1349206603584228
hidden_severe,0.1,0.5952184752500685,5.9924433877270875,3.354798501819474
hidden_severe,0.25,0.46992896590638134,7.062789248338009,2.5395678304816136
hidden_severe,0.5,0.3983399578103532,8.13614570932168,2.149742163576875
hidden_severe,1.0,0.35033131960782027,9.051479394422438,1.9069532686934823
mild,0.1,0.7376969260437382,4.215939354993022,3.0110642688518015
mild,0.25,0.6885614166564269,4.2717840822077715,2.6116667883331752
mild,0.5,0.6350502578192116,4.566732594284378,2.3988091800542026
mild,1.0,0.588589646916959,4.915751928866317,2.2808364263928005
moderate,0.1,0.6366164227939674,6.784863497746772,4.798264445664724
moderate,0.25,0.5193808813298977,7.197834239470737,3.503117557138656
moderate,0.5,0.405314111612998,8.52406016208223,2.7546435064195096
moderate,1.0,0.31067207651520423,10.067976096475492,2.3029248794787347
none,0.1,0.8223514067584504,3.096177617177738,2.431593509442685
none,0.25,0.8162403315096357,3.105127578633741,2.403859768013658
none,0.5,0.8145788368966701,3.151284318574402,2.418620794463199
none,1.0,0.810675284564492,3.1966192528692243,2.439776563056273
severe,0.1,0.6065465645337095,8.722612081577617,6.23802803063481
severe,0.25,0.4184305244266853,9.733249264501406,4.133227010225084
severe,0.5,0.3004479649054278,12.319495745046094,3.0044072791837864
severe,1.0,0.2154881463141777,15.105807459341975,2.3029149477325266
