regime,mult,method,true_marginal,worst_region_coverage,mean_width,mean_interval_score
hidden_moderate,2,geo_lcp,0.7099898836621144,0.44472422304262305,2.4728411300709663,6.984572791123134
hidden_moderate,2,lcp,0.6865705614567527,0.42873604989580955,2.1469945897836764,6.995589904269724
hidden_moderate,2,lcp_cqr,0.7556398583712696,0.5126343226994823,2.691806279867738,5.8679168108975714
hidden_moderate,2,weighted_estimated,0.7638846737481032,0.5310180361264071,3.046453682406822,6.661384467014414
hidden_moderate,2,weighted_oracle,0.9410723318158827,0.8415499176973408,18.974818721038694,19.620255381335266
hidden_moderate,2,weighted_proxy,0.9384800202326758,0.8350112458852065,18.543072727324557,19.22139137225178
hidden_moderate,3,geo_lcp,0.7099898836621144,0.44472422304262305,2.64690471614381,7.158636377195978
hidden_moderate,3,lcp,0.6865705614567527,0.42873604989580955,2.224364384244896,7.072959698730943
hidden_moderate,3,lcp_cqr,0.7556398583712696,0.5126343226994823,2.771118593842639,5.947229124872473
hidden_moderate,3,weighted_estimated,0.7638846737481032,0.5310180361264071,3.3341699768685573,6.949100761476148
hidden_moderate,3,weighted_oracle,0.9410723318158827,0.8415499176973408,27.415752506826035,28.061189167122606
hidden_moderate,3,weighted_proxy,0.9384800202326758,0.8350112458852065,26.756922332849626,27.43524097777685
hidden_moderate,5,geo_lcp,0.7099898836621144,0.44472422304262305,2.9950318882894984,7.506763549341667
hidden_moderate,5,lcp,0.6865705614567527,0.42873604989580955,2.3791039731673345,7.227699287653381
hidden_moderate,5,lcp_cqr,0.7556398583712696,0.5126343226994823,2.9297432217924415,6.1058537528222745
hidden_moderate,5,weighted_estimated,0.7638846737481032,0.5310180361264071,3.9096025657920275,7.5245333503996195
hidden_moderate,5,weighted_oracle,0.9410723318158827,0.8415499176973408,44.297620078400705,44.94305673869727
hidden_moderate,5,weighted_proxy,0.9384800202326758,0.8350112458852065,43.184621543899766,43.86294018882698
hidden_moderate,10,geo_lcp,0.7099898836621144,0.44472422304262305,3.865349818653719,8.377081479705886
hidden_moderate,10,lcp,0.6865705614567527,0.42873604989580955,2.7659529454734306,7.614548259959478
hidden_moderate,10,lcp_cqr,0.7556398583712696,0.5126343226994823,3.3263047916669475,6.5024153226967805
hidden_moderate,10,weighted_estimated,0.7638846737481032,0.5310180361264071,5.348184038100704,8.963114822708295
hidden_moderate,10,weighted_oracle,0.9410723318158827,0.8415499176973408,86.50228900733738,87.14772566763396
hidden_moderate,10,weighted_proxy,0.9384800202326758,0.8350112458852065,84.2538695715251,84.93218821645232
hidden_severe,2,geo_lcp,0.599178047546788,0.3373579593349121,3.473422629726075,10.333535607619861
hidden_severe,2,lcp,0.5407056145675265,0.30497129049061494,2.0458780225008715,10.095111198602934
hidden_severe,2,lcp_cqr,0.6789200809307031,0.41936554680021754,2.871482211246916,7.6426131536638655
hidden_severe,2,weighted_estimated,0.6750758725341426,0.44815107919465563,4.530408965228558,10.1717069339106
hidden_severe,2,weighted_oracle,0.9536418816388468,0.8463167229613628,29.214733004250913,29.716841838643422
hidden_severe,2,weighted_proxy,0.951542741527567,0.8477032115813998,28.896882925118735,29.414770987137594
hidden_severe,3,geo_lcp,0.599178047546788,0.3373579593349121,4.301178498331948,11.161291476225733
hidden_severe,3,lcp,0.5407056145675265,0.30497129049061494,2.2372497454993083,10.28648292160137
hidden_severe,3,lcp_cqr,0.6789200809307031,0.41936554680021754,3.0572512293606797,7.82838217177763
hidden_severe,3,weighted_estimated,0.6750758725341426,0.44815107919465563,5.58781200932692,11.229109978008966
hidden_severe,3,weighted_oracle,0.9536418816388468,0.8463167229613628,43.25356661092033,43.75567544531284
hidden_severe,3,weighted_proxy,0.951542741527567,0.8477032115813998,42.77405771515533,43.29194577717419
hidden_severe,5,geo_lcp,0.599178047546788,0.3373579593349121,5.956690235543693,12.81680321343748
hidden_severe,5,lcp,0.5407056145675265,0.30497129049061494,2.6199931914961825,10.669226367598245
hidden_severe,5,lcp_cqr,0.6789200809307031,0.41936554680021754,3.428789265588207,8.199920208005157
hidden_severe,5,weighted_estimated,0.6750758725341426,0.44815107919465563,7.702618097523645,13.34391606620569
hidden_severe,5,weighted_oracle,0.9536418816388468,0.8463167229613628,71.33123382425917,71.83334265865166
hidden_severe,5,weighted_proxy,0.951542741527567,0.8477032115813998,70.52840729522853,71.04629535724739
hidden_severe,10,geo_lcp,0.599178047546788,0.3373579593349121,10.095469578573057,16.955582556466844
hidden_severe,10,lcp,0.5407056145675265,0.30497129049061494,3.5768518064883676,11.62608498259043
hidden_severe,10,lcp_cqr,0.6789200809307031,0.41936554680021754,4.357634356157025,9.128765298573974
hidden_severe,10,weighted_estimated,0.6750758725341426,0.44815107919465563,12.989633318015459,18.630931286697503
hidden_severe,10,weighted_oracle,0.9536418816388468,0.8463167229613628,141.52540185760623,142.02751069199877
hidden_severe,10,weighted_proxy,0.951542741527567,0.8477032115813998,139.91428124541153,140.43216930743037
mild,2,geo_lcp,0.7767577137076379,0.5557825082498684,2.1957185401738,5.390474400807004
mild,2,lcp,0.8038947900859889,0.626976914292277,2.808753917034208,5.169694265564223
mild,2,lcp_cqr,0.8744941831057157,0.7461095447838342,3.4994904154163775,4.696621906184073
mild,2,weighted_estimated,0.8780981284774911,0.7084589630173687,4.103390021261302,5.670135449753365
mild,2,weighted_oracle,0.9273141122913505,0.823873906697763,8.092420990131696,8.796516791736812
mild,2,weighted_proxy,0.9223571067273647,0.8158092564155557,7.761118503963218,8.524652698615954
mild,3,geo_lcp,0.7767577137076379,0.5557825082498684,2.1957185401738,5.390474400807004
mild,3,lcp,0.8038947900859889,0.626976914292277,3.0744585935593918,5.4353989420894075
mild,3,lcp_cqr,0.8744941831057157,0.7461095447838342,3.7463803960612654,4.94351188682896
mild,3,weighted_estimated,0.8780981284774911,0.7084589630173687,4.6979764544170015,6.2647218829090665
mild,3,weighted_oracle,0.9273141122913505,0.823873906697763,10.663575122978013,11.367670924583129
mild,3,weighted_proxy,0.9223571067273647,0.8158092564155557,10.195700414388474,10.959234609041207
mild,5,geo_lcp,0.7767577137076379,0.5557825082498684,2.1957185401738,5.390474400807004
mild,5,lcp,0.8038947900859889,0.626976914292277,3.6058679466097603,5.966808295139776
mild,5,lcp_cqr,0.8744941831057157,0.7461095447838342,4.240160357351041,5.437291848118735
mild,5,weighted_estimated,0.8780981284774911,0.7084589630173687,5.887149320728401,7.453894749220465
mild,5,weighted_oracle,0.9273141122913505,0.823873906697763,15.805883388670644,16.509979190275757
mild,5,weighted_proxy,0.9223571067273647,0.8158092564155557,15.064864235238984,15.828398429891717
mild,10,geo_lcp,0.7767577137076379,0.5557825082498684,2.1957185401738,5.390474400807004
mild,10,lcp,0.8038947900859889,0.626976914292277,4.934391329235681,7.295331677765698
mild,10,lcp_cqr,0.8744941831057157,0.7461095447838342,5.47461026057548,6.671741751343174
mild,10,weighted_estimated,0.8780981284774911,0.7084589630173687,8.860081486506898,10.426826914998964
mild,10,weighted_oracle,0.9273141122913505,0.823873906697763,28.66165405290222,29.365749854507335
mild,10,weighted_proxy,0.9223571067273647,0.8158092564155557,27.23777378736526,28.001307982017995
moderate,2,geo_lcp,0.554387961557916,0.27552292030713854,2.6893286240751895,12.293373475817212
moderate,2,lcp,0.6502781992918564,0.37173653147578456,6.051419853115038,12.656462896880731
moderate,2,lcp_cqr,0.8185128983308042,0.5700418030473244,7.640922336350863,10.407130818665648
moderate,2,weighted_estimated,0.9051340414769854,0.7650224954585718,17.3785824024261,18.70350574069524
moderate,2,weighted_oracle,0.9676403641881639,0.8868285640378415,23.113415421685996,23.415670673178983
moderate,2,weighted_proxy,0.9633029843196763,0.8743828805676735,22.71274809522941,23.055985679069963
moderate,3,geo_lcp,0.554387961557916,0.27552292030713854,3.0723457330911534,12.676390584833175
moderate,3,lcp,0.6502781992918564,0.37173653147578456,8.109459292765658,14.714502336531352
moderate,3,lcp_cqr,0.8185128983308042,0.5700418030473244,9.67848641334759,12.444694895662375
moderate,3,weighted_estimated,0.9051340414769854,0.7650224954585718,25.013445488997505,26.338368827266642
moderate,3,weighted_oracle,0.9676403641881639,0.8868285640378415,33.78387306456872,34.08612831606171
moderate,3,weighted_proxy,0.9633029843196763,0.8743828805676735,33.181730660453276,33.52496824429383
moderate,5,geo_lcp,0.554387961557916,0.27552292030713854,3.8383799511230805,13.442424802865101
moderate,5,lcp,0.6502781992918564,0.37173653147578456,12.2255381720669,18.83058121583259
moderate,5,lcp_cqr,0.8185128983308042,0.5700418030473244,13.753614567341042,16.51982304965583
moderate,5,weighted_estimated,0.9051340414769854,0.7650224954585718,40.28317166214031,41.60809500040945
moderate,5,weighted_oracle,0.9676403641881639,0.8868285640378415,55.12478835033418,55.42704360182717
moderate,5,weighted_proxy,0.9633029843196763,0.8743828805676735,54.11969579090101,54.46293337474156
moderate,10,geo_lcp,0.554387961557916,0.27552292030713854,5.753465496202898,15.35751034794492
moderate,10,lcp,0.6502781992918564,0.37173653147578456,22.51573537032,29.12077841408569
moderate,10,lcp_cqr,0.8185128983308042,0.5700418030473244,23.94143495232468,26.70764343463946
moderate,10,weighted_estimated,0.9051340414769854,0.7650224954585718,78.45748709499733,79.78241043326646
moderate,10,weighted_oracle,0.9676403641881639,0.8868285640378415,108.47707656474783,108.77933181624081
moderate,10,weighted_proxy,0.9633029843196763,0.8743828805676735,106.46460861702033,106.8078462008609
none,2,geo_lcp,0.904615579160344,0.8142605834492904,2.445442361395426,3.2427165386760795
none,2,lcp,0.9056525037936267,0.8140816396800867,2.491507117482651,3.253813331975043
none,2,lcp_cqr,0.8958017197774405,0.8099181766356789,2.5436406241893317,3.2211001094633014
none,2,weighted_estimated,0.9051466868993425,0.8059627911559366,2.458444895891574,3.2652525479109156
none,2,weighted_oracle,0.9055134041476985,0.8068936812026588,2.4674748028921716,3.272203622397391
none,2,weighted_proxy,0.9055134041476985,0.8068936812026588,2.4674748028921716,3.272203622397391
none,3,geo_lcp,0.904615579160344,0.8142605834492904,2.445442361395426,3.2427165386760795
none,3,lcp,0.9056525037936267,0.8140816396800867,2.5104622621084833,3.272768476600875
none,3,lcp_cqr,0.8958017197774405,0.8099181766356789,2.563048588742612,3.240508074016582
none,3,weighted_estimated,0.9051466868993425,0.8059627911559366,2.458444895891574,3.2652525479109156
none,3,weighted_oracle,0.9055134041476985,0.8068936812026588,2.4674748028921716,3.272203622397391
none,3,weighted_proxy,0.9055134041476985,0.8068936812026588,2.4674748028921716,3.272203622397391
none,5,geo_lcp,0.904615579160344,0.8142605834492904,2.445442361395426,3.2427165386760795
none,5,lcp,0.9056525037936267,0.8140816396800867,2.5483725513601474,3.3106787658525394
none,5,lcp_cqr,0.8958017197774405,0.8099181766356789,2.6018645178491733,3.279324003123143
none,5,weighted_estimated,0.9051466868993425,0.8059627911559366,2.458444895891574,3.2652525479109156
none,5,weighted_oracle,0.9055134041476985,0.8068936812026588,2.4674748028921716,3.272203622397391
none,5,weighted_proxy,0.9055134041476985,0.8068936812026588,2.4674748028921716,3.272203622397391
none,10,geo_lcp,0.904615579160344,0.8142605834492904,2.445442361395426,3.2427165386760795
none,10,lcp,0.9056525037936267,0.8140816396800867,2.6431482744893082,3.4054544889817007
none,10,lcp_cqr,0.8958017197774405,0.8099181766356789,2.698904340615576,3.3763638258895456
none,10,weighted_estimated,0.9051466868993425,0.8059627911559366,2.458444895891574,3.2652525479109156
none,10,weighted_oracle,0.9055134041476985,0.8068936812026588,2.4674748028921716,3.272203622397391
none,10,weighted_proxy,0.9055134041476985,0.8068936812026588,2.4674748028921716,3.272203622397391
severe,2,geo_lcp,0.41851289833080424,0.16836260687113264,3.8021869563844533,19.379607883541137
severe,2,lcp,0.5464213454729389,0.27884254109371764,8.078220094324577,18.731996692092434
severe,2,lcp_cqr,0.7660723318158826,0.48757501557107635,10.02509817078192,14.216652912028566
severe,2,weighted_estimated,0.9016186140617096,0.7240389352260049,23.59987389343789,25.21582713660637
severe,2,weighted_oracle,0.9649215983813859,0.8807627931928457,28.9475531200619,29.379789033600268
severe,2,weighted_proxy,0.9626201315123926,0.8722384152653738,28.69308787281624,29.135068804792784
severe,3,geo_lcp,0.41851289833080424,0.16836260687113264,4.959103386164117,20.5365243133208
severe,3,lcp,0.5464213454729389,0.27884254109371764,11.405417295217847,22.059193892985704
severe,3,lcp_cqr,0.7660723318158826,0.48757501557107635,13.37025264280036,17.561807384047007
severe,3,weighted_estimated,0.9016186140617096,0.7240389352260049,34.87263039334524,36.48858363651372
severe,3,weighted_oracle,0.9649215983813859,0.8807627931928457,43.09345080976848,43.525686723306855
severe,3,weighted_proxy,0.9626201315123926,0.8722384152653738,42.70257617659084,43.14455710856738
severe,5,geo_lcp,0.41851289833080424,0.16836260687113264,7.2729362457234465,22.85035717288013
severe,5,lcp,0.5464213454729389,0.27884254109371764,18.05981169700438,28.713588294772244
severe,5,lcp_cqr,0.7660723318158826,0.48757501557107635,20.06056158683724,24.252116328083883
severe,5,weighted_estimated,0.9016186140617096,0.7240389352260049,57.41814339315992,59.03409663632841
severe,5,weighted_oracle,0.9649215983813859,0.8807627931928457,71.38524618918164,71.81748210272002
severe,5,weighted_proxy,0.9626201315123926,0.8722384152653738,70.72155278414003,71.16353371611658
severe,10,geo_lcp,0.41851289833080424,0.16836260687113264,13.05751839462177,28.634939321778454
severe,10,lcp,0.5464213454729389,0.27884254109371764,34.695797701470724,45.34957429923859
severe,10,lcp_cqr,0.7660723318158826,0.48757501557107635,36.786333946929425,40.97788868817607
severe,10,weighted_estimated,0.9016186140617096,0.7240389352260049,113.78192589269665,115.39787913586514
severe,10,weighted_oracle,0.9649215983813859,0.8807627931928457,142.11473463771455,142.5469705512529
severe,10,weighted_proxy,0.9626201315123926,0.8722384152653738,140.76899430301305,141.21097523498958
