regime,seed,group,frac,n,coverage,mean_width,mean_interval_score
none,0,clipped,0.005690440060698027,15,0.8666666666666667,4.9755336754226365,5.651830507311977
none,0,unclipped,0.9943095599393019,2621,0.9042350247996948,2.7188779418055664,3.3081296830678575
none,1,clipped,0.01479514415781487,39,0.7948717948717948,4.7330658172135855,7.211525389993128
none,1,unclipped,0.9852048558421851,2597,0.9237581825182903,2.4925910590914486,2.849419147197205
none,2,clipped,0.002276176024279211,6,0.6666666666666666,5.045952057869242,6.0865018948508975
none,2,unclipped,0.9977238239757208,2630,0.9425855513307985,3.0358387734598726,3.3716923668198255
none,3,clipped,0.00037936267071320183,1,1.0,3.149966552069178,3.149966552069178
none,3,unclipped,0.9996206373292867,2635,0.9161290322580645,2.5062192727997843,3.0106151929885425
none,4,clipped,0.02276176024279211,60,0.7,4.67172601737801,8.623744831483238
none,4,unclipped,0.9772382397572079,2576,0.937888198757764,2.856902450111574,3.3183075909840505
none,5,clipped,0.002655538694992413,7,1.0,5.775579203237881,5.775579203237881
none,5,unclipped,0.9973444613050075,2629,0.9322936477748194,2.9855966193460866,3.4406200927382957
none,6,clipped,0.008725341426403643,23,0.9565217391304348,11.106386500260369,11.75433682708756
none,6,unclipped,0.9912746585735963,2613,0.8763872942977421,2.7792132452897746,3.49752448202834
none,7,clipped,0.0037936267071320183,10,1.0,4.07461113626567,4.07461113626567
none,7,unclipped,0.996206373292868,2626,0.8701447067783702,2.247749751675438,3.0701666150046827
none,8,clipped,0.006449165402124431,17,0.9411764705882353,4.009785025750976,4.14625479720721
none,8,unclipped,0.9935508345978755,2619,0.9033982436044292,3.0534927357241255,3.5910979040741378
none,9,clipped,0.0034142640364188165,9,0.7777777777777778,2.942539181769904,3.7417668347388666
none,9,unclipped,0.9965857359635811,2627,0.8956985154168253,2.109158217263946,2.593295692315147
none,10,clipped,0.006449165402124431,17,1.0,5.680579871914521,5.680579871914521
none,10,unclipped,0.9935508345978755,2619,0.9056891943489882,2.5894896190766485,3.014685377102395
none,11,clipped,0.0018968133535660092,5,1.0,5.80199235443054,5.80199235443054
none,11,unclipped,0.9981031866464339,2631,0.8886354998099582,2.6656868030105083,3.236308318554969
none,12,clipped,0.0,0,,,
none,12,unclipped,1.0,2636,0.9275417298937785,2.5778443987590918,2.9792842225463985
none,13,clipped,0.0,0,,,
none,13,unclipped,1.0,2636,0.9442336874051593,2.8333500961336804,3.179060138496542
none,14,clipped,0.007207890743550834,19,0.05263157894736842,3.279612262472118,29.886950637879096
none,14,unclipped,0.9927921092564491,2617,0.9132594573939625,2.743317152781606,3.2568743202140307
none,15,clipped,0.0015174506828528073,4,1.0,3.716136388086952,3.716136388086952
none,15,unclipped,0.9984825493171472,2632,0.8917173252279635,2.4916905928856803,3.1085261352282925
none,16,clipped,0.004552352048558422,12,0.5833333333333334,3.094580436999338,4.6168452276933865
none,16,unclipped,0.9954476479514416,2624,0.9092987804878049,2.860745628638807,3.428886090430754
none,17,clipped,0.008725341426403643,23,0.9565217391304348,6.645881947920221,8.617331308172758
none,17,unclipped,0.9912746585735963,2613,0.9184845005740528,2.784456353605913,3.2622444818109804
none,18,clipped,0.007207890743550834,19,1.0,3.16649444227989,3.16649444227989
none,18,unclipped,0.9927921092564491,2617,0.9216660298051204,2.789979849974649,3.1904176342481456
none,19,clipped,0.01251896813353566,33,1.0,4.073952797229689,4.073952797229689
none,19,unclipped,0.9874810318664643,2603,0.9512101421436804,2.654965006830833,2.883383674760232
none,20,clipped,0.012139605462822459,32,1.0,4.237779583568001,4.237779583568001
none,20,unclipped,0.9878603945371776,2604,0.934331797235023,2.7788207775085234,3.114079072476101
none,21,clipped,0.0007587253414264037,2,1.0,6.051187081681391,6.051187081681391
none,21,unclipped,0.9992412746585736,2634,0.9328018223234624,2.839707142125214,3.200771803609383
none,22,clipped,0.009104704097116844,24,1.0,3.5746454298341797,3.5746454298341797
none,22,unclipped,0.9908952959028832,2612,0.9383614088820827,2.908334331868747,3.279112159572279
none,23,clipped,0.0015174506828528073,4,1.0,3.084182604324983,3.084182604324983
none,23,unclipped,0.9984825493171472,2632,0.8624620060790273,2.5440390671950466,3.440240398763287
none,24,clipped,0.0034142640364188165,9,1.0,6.23261186446115,6.23261186446115
none,24,unclipped,0.9965857359635811,2627,0.9459459459459459,2.7951680624739135,3.2177974109345393
none,25,clipped,0.0015174506828528073,4,1.0,4.197968947561172,4.197968947561172
none,25,unclipped,0.9984825493171472,2632,0.9289513677811551,2.945285447903789,3.471677367493044
none,26,clipped,0.002276176024279211,6,1.0,4.22194295916256,4.22194295916256
none,26,unclipped,0.9977238239757208,2630,0.8870722433460076,2.3579096979470746,2.9163937229014514
none,27,clipped,0.006828528072837633,18,0.6666666666666666,3.245253743112645,11.413698050774327
none,27,unclipped,0.9931714719271624,2618,0.9194041252864782,2.5229280040944495,2.945370428890405
none,28,clipped,0.002276176024279211,6,1.0,4.323788310973595,4.323788310973595
none,28,unclipped,0.9977238239757208,2630,0.961596958174905,2.84189004733936,3.0412275660222625
none,29,clipped,0.006449165402124431,17,0.9411764705882353,4.277837445634629,4.6738788098582
none,29,unclipped,0.9935508345978755,2619,0.903016418480336,2.6755128394178893,3.2487065212617634
mild,0,clipped,0.13050075872534142,344,0.6686046511627907,4.593676662093212,16.707206668672107
mild,0,unclipped,0.8694992412746586,2292,0.8987783595113438,2.5387379605875946,3.059202841437542
mild,1,clipped,0.055007587253414265,145,0.9862068965517241,8.284969261127058,8.377211514348017
mild,1,unclipped,0.9449924127465857,2491,0.932557205941389,4.735880696324722,5.082949529051309
mild,2,clipped,0.16995447647951442,448,0.35267857142857145,5.540650645144453,21.927456295210572
mild,2,unclipped,0.8300455235204856,2188,0.8985374771480804,2.813962659669404,3.5872154893220145
mild,3,clipped,0.030728376327769348,81,0.6419753086419753,5.005176156939615,11.574788825210895
mild,3,unclipped,0.9692716236722306,2555,0.9146771037181997,3.3798892544092514,3.9527704863917177
mild,4,clipped,0.21889226100151746,577,0.9393414211438474,4.139549946107466,4.614620288525412
mild,4,unclipped,0.7811077389984825,2059,0.9043224866440019,2.6068598516009804,3.594243339646661
mild,5,clipped,0.10773899848254932,284,0.8450704225352113,6.93113152812262,12.918036962654844
mild,5,unclipped,0.8922610015174507,2352,0.9285714285714286,3.767203379503153,4.147592034602528
mild,6,clipped,0.048558421851289835,128,0.890625,6.297505915174785,7.194947415892253
mild,6,unclipped,0.9514415781487102,2508,0.9294258373205742,3.6500463937158596,4.186897650569084
mild,7,clipped,0.05235204855842185,138,0.9202898550724637,6.159519071032615,6.395623397464996
mild,7,unclipped,0.9476479514415781,2498,0.8803042433947158,2.8340835803242257,3.9293785733263826
mild,8,clipped,0.1483308042488619,391,0.8286445012787724,5.736750994658374,9.370446377943498
mild,8,unclipped,0.8516691957511381,2245,0.9167037861915367,3.351402916971276,3.859302144790227
mild,9,clipped,0.03717754172989378,98,0.7857142857142857,4.171615332096339,6.299267979978271
mild,9,unclipped,0.9628224582701063,2538,0.9141055949566588,2.5625762663134166,3.0608608301057987
mild,10,clipped,0.0,0,,,
mild,10,unclipped,1.0,2636,0.9199544764795144,3.444232943828682,4.01223887236243
mild,11,clipped,0.22496206373292868,593,0.8617200674536256,5.754377434216806,9.73722595952387
mild,11,unclipped,0.7750379362670713,2043,0.9133627019089574,3.2212213014001785,4.219467347410492
mild,12,clipped,0.013277693474962063,35,0.6285714285714286,6.2863214446290065,9.68483463761328
mild,12,unclipped,0.9867223065250379,2601,0.9046520569011919,3.3227750184800855,4.090715746536568
mild,13,clipped,0.12139605462822459,320,0.93125,5.621015975689597,6.160041331346716
mild,13,unclipped,0.8786039453717754,2316,0.9145077720207254,3.2932006174403536,3.8500045954358835
mild,14,clipped,0.01707132018209408,45,0.6222222222222222,4.06367293664475,14.118705923391598
mild,14,unclipped,0.9829286798179059,2591,0.8869162485526824,2.837781842653226,3.944954749213402
mild,15,clipped,0.15477996965098634,408,0.7303921568627451,4.2820110525097945,9.056544416365272
mild,15,unclipped,0.8452200303490136,2228,0.9088868940754039,2.961806388088191,3.559570107695104
mild,16,clipped,0.04286798179059181,113,0.4424778761061947,5.823912776165706,19.609479754151224
mild,16,unclipped,0.9571320182094082,2523,0.9460959175584621,4.094817019203746,4.570197661063219
mild,17,clipped,0.09635811836115327,254,0.7795275590551181,4.787479606772112,7.747907912826288
mild,17,unclipped,0.9036418816388467,2382,0.9143576826196473,3.036835960276236,3.826953144162918
mild,18,clipped,0.11722306525037936,309,0.7249190938511327,5.288761907794945,16.963362449176532
mild,18,unclipped,0.8827769347496206,2327,0.929522990975505,3.205702848561242,3.6889438029963855
mild,19,clipped,0.05842185128983308,154,0.7662337662337663,4.50740395093037,10.334840998541761
mild,19,unclipped,0.9415781487101669,2482,0.8364222401289283,2.7277854468728293,4.569650079168394
mild,20,clipped,0.04779969650986343,126,0.6904761904761905,4.375638138754601,7.870539398877259
mild,20,unclipped,0.9522003034901366,2510,0.9,2.8163673995252108,3.42165378193211
mild,21,clipped,0.11911987860394538,314,0.7547770700636943,4.278909168155887,8.292067900950135
mild,21,unclipped,0.8808801213960546,2322,0.9108527131782945,2.786071939142831,3.412244205841154
mild,22,clipped,0.11342943854324734,299,0.9866220735785953,4.933022780739362,4.9756432952004666
mild,22,unclipped,0.8865705614567526,2337,0.9088575096277278,2.8236077286742174,3.2570311403967107
mild,23,clipped,0.042109256449165404,111,0.6756756756756757,6.405293525534189,13.99329675705782
mild,23,unclipped,0.9578907435508346,2525,0.8883168316831683,3.434557021652759,4.865080170587433
mild,24,clipped,0.010622154779969651,28,1.0,3.6044082938785063,3.6044082938785063
mild,24,unclipped,0.9893778452200304,2608,0.8734662576687117,2.64257063718779,3.491156516633437
mild,25,clipped,0.032245827010622154,85,1.0,6.1768406540543515,6.1768406540543515
mild,25,unclipped,0.9677541729893778,2551,0.9388475107800862,3.108497137796909,3.4782092576888877
mild,26,clipped,0.09408194233687406,248,0.6693548387096774,5.186224260329523,10.02643291977987
mild,26,unclipped,0.9059180576631259,2388,0.8886097152428811,2.8443878586144775,3.46061981628998
mild,27,clipped,0.08535660091047041,225,0.7777777777777778,4.457276166194308,6.8892134788804125
mild,27,unclipped,0.9146433990895296,2411,0.9075072583990046,3.029618296129174,3.600209145143482
mild,28,clipped,0.09559939301972686,252,0.9563492063492064,7.242710080957802,7.399587367252214
mild,28,unclipped,0.9044006069802731,2384,0.9362416107382551,3.3243703759698513,3.6564391441366246
mild,29,clipped,0.03831562974203338,101,0.13861386138613863,2.9069680706993797,39.009252277308896
mild,29,unclipped,0.9616843702579666,2535,0.8497041420118343,2.7723894759197196,4.1841688219397115
moderate,0,clipped,0.41009104704097116,1081,0.7076780758556892,3.717586457212313,9.526693266001883
moderate,0,unclipped,0.5899089529590288,1555,0.8553054662379421,2.604552989676336,3.927775156280039
moderate,1,clipped,0.18323216995447647,483,0.4472049689440994,6.055381361548337,20.872670353876824
moderate,1,unclipped,0.8167678300455236,2153,0.7566186716209939,4.846504521329736,9.94923920901618
moderate,2,clipped,0.3937784522003035,1038,0.36801541425818884,3.0670333596960897,23.89374011825189
moderate,2,unclipped,0.6062215477996965,1598,0.851063829787234,2.523111122581957,3.4160957970637154
moderate,3,clipped,0.3558421851289833,938,0.7174840085287847,4.535154487451134,9.172844883182695
moderate,3,unclipped,0.6441578148710166,1698,0.9199057714958775,3.835484363401054,4.36362394111596
moderate,4,clipped,0.3216995447647951,848,0.7959905660377359,3.9421566236775765,7.870333772978447
moderate,4,unclipped,0.6783004552352049,1788,0.8439597315436241,2.8079372499492603,3.95405515497987
moderate,5,clipped,0.4552352048558422,1200,0.845,6.9790418185732355,12.02770215500966
moderate,5,unclipped,0.5447647951441578,1436,0.8899721448467967,3.7722659335931548,4.5473512804398375
moderate,6,clipped,0.49013657056145676,1292,0.8413312693498453,6.347979283649154,10.015169565878345
moderate,6,unclipped,0.5098634294385432,1344,0.9203869047619048,3.4641575504783892,4.2109804208129855
moderate,7,clipped,0.38543247344461307,1016,0.6909448818897638,5.132753234942082,12.623461566945812
moderate,7,unclipped,0.6145675265553869,1620,0.8734567901234568,3.390862928105006,4.288820190454709
moderate,8,clipped,0.20637329286798178,544,0.5992647058823529,5.30605338398034,17.335791398873845
moderate,8,unclipped,0.7936267071320182,2092,0.8733269598470363,3.418120351347288,4.64083870159814
moderate,9,clipped,0.5208649468892261,1373,0.3823743627093955,3.080735996516163,21.259063789953835
moderate,9,unclipped,0.4791350531107739,1263,0.8060174188440221,2.212437379341423,4.424431035408572
moderate,10,clipped,0.464339908952959,1224,0.8578431372549019,5.939468395894322,7.698143490444843
moderate,10,unclipped,0.5356600910470409,1412,0.9058073654390935,3.2622810158586004,3.616236972796121
moderate,11,clipped,0.3129742033383915,825,0.823030303030303,5.227023435052217,10.393787157537753
moderate,11,unclipped,0.6870257966616085,1811,0.8630590833793484,3.7110252744984127,5.694633696345168
moderate,12,clipped,0.4658573596358118,1228,0.7874592833876222,5.6446631830416925,9.63759386565331
moderate,12,unclipped,0.5341426403641881,1408,0.9410511363636364,3.2902771406393794,3.613218898689538
moderate,13,clipped,0.4324734446130501,1140,0.8824561403508772,5.549942434799385,7.294152451125273
moderate,13,unclipped,0.56752655538695,1496,0.93048128342246,3.4626678823011616,3.8938849770404484
moderate,14,clipped,0.3213201820940819,847,0.781582054309327,5.314279997284736,9.229968723005241
moderate,14,unclipped,0.678679817905918,1789,0.9323644494130799,3.7225147308542583,4.152626641264214
moderate,15,clipped,0.5276934749620638,1391,0.6441409058231489,4.358806274817939,11.415978953731885
moderate,15,unclipped,0.47230652503793624,1245,0.9188755020080321,3.173101300137049,3.698932057805964
moderate,16,clipped,0.4609256449165402,1215,0.7423868312757201,4.9871690383859,12.217239819822527
moderate,16,unclipped,0.5390743550834598,1421,0.8810696692470091,3.430097507709495,4.868151798577967
moderate,17,clipped,0.4404400606980273,1161,0.8380706287683032,5.6058061934215875,9.205920265466295
moderate,17,unclipped,0.5595599393019727,1475,0.8698305084745763,3.3708380832342195,4.7866700202605665
moderate,18,clipped,0.3937784522003035,1038,0.9065510597302505,6.15714852223451,8.982896041672495
moderate,18,unclipped,0.6062215477996965,1598,0.9342928660826032,3.4475191180135347,3.722217374865015
moderate,19,clipped,0.4385432473444613,1156,0.4801038062283737,3.8352550572694892,17.93854782777885
moderate,19,unclipped,0.5614567526555387,1480,0.8121621621621622,2.750842601716198,4.858999196849956
moderate,20,clipped,0.03110773899848255,82,0.6219512195121951,5.475156381823551,12.274193190223865
moderate,20,unclipped,0.9688922610015175,2554,0.7842599843382929,4.094792009020918,7.982188156421599
moderate,21,clipped,0.34749620637329287,916,0.6735807860262009,3.5340396128452713,8.144799034055486
moderate,21,unclipped,0.6525037936267072,1720,0.8924418604651163,2.653637212667332,3.4298845464157313
moderate,22,clipped,0.34218512898330805,902,0.6075388026607539,3.3589795075747975,10.16334909710187
moderate,22,unclipped,0.657814871016692,1734,0.7024221453287197,2.8519073658292537,7.207081692820832
moderate,23,clipped,0.3990895295902883,1052,0.747148288973384,5.975110901891443,12.752677878911946
moderate,23,unclipped,0.6009104704097117,1584,0.9122474747474747,4.038607687801581,4.904097126770208
moderate,24,clipped,0.2909711684370258,767,0.7561929595827901,4.243072946222811,6.962395564148084
moderate,24,unclipped,0.7090288315629742,1869,0.846441947565543,3.2087464987220256,4.807891508578373
moderate,25,clipped,0.44385432473444614,1170,0.8239316239316239,4.808451124198551,6.902111748058746
moderate,25,unclipped,0.5561456752655539,1466,0.9072305593451568,3.341591842861936,4.137572580944291
moderate,26,clipped,0.2966616084977238,782,0.4833759590792839,3.8143739068725755,15.249284850790755
moderate,26,unclipped,0.7033383915022762,1854,0.7998921251348435,2.6054063857711127,5.0303142160828225
moderate,27,clipped,0.40326251896813353,1063,0.8080903104421449,5.713624595231649,10.691020711562667
moderate,27,unclipped,0.5967374810318664,1573,0.8798474253019708,3.2994237533870105,4.916586725608082
moderate,28,clipped,0.2101669195751138,554,0.8971119133574007,5.322657919428453,8.23678722230707
moderate,28,unclipped,0.7898330804248862,2082,0.8443804034582133,2.890186810255095,4.226610398978556
moderate,29,clipped,0.15250379362670713,402,0.36069651741293535,4.670586994180854,23.132474215344182
moderate,29,unclipped,0.8474962063732928,2234,0.8979409131602507,4.165669584952114,5.852585079805544
severe,0,clipped,0.2101669195751138,554,0.8212996389891697,6.576952324221254,10.81253055605489
severe,0,unclipped,0.7898330804248862,2082,0.8275696445725265,3.958622218988829,6.500446412645381
severe,1,clipped,0.7412746585735963,1954,0.4196519959058342,4.399049827922939,28.08826991460368
severe,1,unclipped,0.25872534142640363,682,0.592375366568915,3.5242826331381916,10.939465901910085
severe,2,clipped,0.4271623672230653,1126,0.42095914742451157,2.8663318988641926,19.479851237179737
severe,2,unclipped,0.5728376327769348,1510,0.7370860927152317,2.8101318322572943,7.679523019315121
severe,3,clipped,0.5819423368740516,1534,0.5743155149934811,3.4718552477578895,11.5399152229054
severe,3,unclipped,0.4180576631259484,1102,0.7368421052631579,2.773979018698475,6.622549101866116
severe,4,clipped,0.6915781487101669,1823,0.5507405375754251,2.534057648989867,12.858211810235733
severe,4,unclipped,0.30842185128983307,813,0.7220172201722017,1.8359789798193398,4.731324234243211
severe,5,clipped,0.3926403641881639,1035,0.9053140096618357,6.487998497004141,10.362193898448206
severe,5,unclipped,0.6073596358118362,1601,0.83947532792005,4.1572444687686145,6.043439336471919
severe,6,clipped,0.6066009104704098,1599,0.6572858036272671,4.812970042612573,13.521964411954146
severe,6,unclipped,0.3933990895295903,1037,0.781099324975892,3.1883554709185407,6.332467449151653
severe,7,clipped,0.44802731411229135,1181,0.6232006773920407,4.889384366202587,16.022505095530008
severe,7,unclipped,0.5519726858877086,1455,0.8570446735395189,3.597901760539423,4.9544708078732596
severe,8,clipped,0.6194992412746586,1633,0.5309246785058175,3.486520785061812,14.83872181721108
severe,8,unclipped,0.38050075872534145,1003,0.8364905284147557,2.3006622767935827,3.9290869226963374
severe,9,clipped,0.6775417298937785,1786,0.10806270996640538,2.03155214783519,32.97249170217455
severe,9,unclipped,0.3224582701062215,850,0.7270588235294118,1.7127488518323366,4.120421014217196
severe,10,clipped,0.5326251896813353,1404,0.6581196581196581,5.01541180005541,12.226721004667045
severe,10,unclipped,0.4673748103186646,1232,0.8206168831168831,3.317742771776824,5.0555856096360445
severe,11,clipped,0.7226858877086495,1905,0.6488188976377953,3.332359687141786,12.553963286393103
severe,11,unclipped,0.27731411229135056,731,0.8440492476060192,2.5531993122411003,4.142371892087224
severe,12,clipped,0.6418816388467374,1692,0.7299054373522459,5.429350714049986,9.900774281623473
severe,12,unclipped,0.3581183611532625,944,0.9110169491525424,3.248783403134463,4.262531028775842
severe,13,clipped,0.6669195751138088,1758,0.8697383390216155,5.5715313225481315,7.644353623450653
severe,13,unclipped,0.3330804248861912,878,0.9202733485193622,4.1471860918429355,4.61129830468925
severe,14,clipped,0.708649468892261,1868,0.5048179871520343,3.809942545097385,17.146210507844373
severe,14,unclipped,0.291350531107739,768,0.8020833333333334,3.094681877313665,6.1278001815825975
severe,15,clipped,0.5546282245827011,1462,0.612859097127223,3.8532158030296055,13.84616920835464
severe,15,unclipped,0.44537177541729894,1174,0.8126064735945485,2.7725193829976718,4.286881993052534
severe,16,clipped,0.7830045523520486,2064,0.5469961240310077,3.4980293848504935,14.821678890735374
severe,16,unclipped,0.21699544764795145,572,0.8741258741258742,2.4846801148109385,3.2510219783850607
severe,17,clipped,0.4969650986342944,1310,0.7824427480916031,6.342867650181671,12.121923014672822
severe,17,unclipped,0.5030349013657056,1326,0.799396681749623,3.7596114354157883,6.318979100566817
severe,18,clipped,0.6877845220030349,1813,0.752895752895753,4.0890141831409625,10.795401733468719
severe,18,unclipped,0.3122154779969651,823,0.8906439854191981,2.9502122521644694,3.7380402227430207
severe,19,clipped,0.8808801213960546,2322,0.5155038759689923,2.968157810684471,15.535546330940946
severe,19,unclipped,0.11911987860394538,314,0.8789808917197452,1.7125165114503011,2.3560975350480917
severe,20,clipped,0.3873292867981791,1021,0.22722820763956905,3.5958348661952604,31.462250833277615
severe,20,unclipped,0.612670713201821,1615,0.7461300309597523,3.7693292445727065,8.76792109010804
severe,21,clipped,0.6058421851289834,1597,0.7294927989981215,3.425486221970708,6.847169842830296
severe,21,unclipped,0.3941578148710167,1039,0.8825794032723773,2.4026979117679055,3.0942985396530456
severe,22,clipped,0.49127465857359637,1295,0.5413127413127413,2.983189897414891,11.93722021713331
severe,22,unclipped,0.5087253414264037,1341,0.7636092468307233,2.7515499274896893,5.372366421689325
severe,23,clipped,0.6627465857359636,1747,0.7796222095020034,5.4104935001356464,11.068717539636898
severe,23,unclipped,0.33725341426403643,889,0.8987626546681665,3.5566083274300064,4.375101581658547
severe,24,clipped,0.7985584218512898,2105,0.8019002375296912,4.284325234040941,6.259384760077416
severe,24,unclipped,0.20144157814871017,531,0.800376647834275,2.542921694780148,3.648309679198416
severe,25,clipped,0.7503793626707133,1978,0.7067745197168858,3.4240512940161265,7.4641692062870675
severe,25,unclipped,0.2496206373292868,658,0.8936170212765957,2.48940917771373,3.426961205884417
severe,26,clipped,0.5189681335356601,1368,0.49122807017543857,2.9385821914680603,14.387201787669005
severe,26,unclipped,0.48103186646433993,1268,0.8091482649842271,2.375492604453674,3.6825991686813304
severe,27,clipped,0.8012139605462822,2112,0.7642045454545454,5.212458231520859,12.831369526181641
severe,27,unclipped,0.19878603945371776,524,0.8263358778625954,3.005997950457392,4.282572812751885
severe,28,clipped,0.47230652503793624,1245,0.5951807228915663,4.015158064906322,10.837339812402284
severe,28,unclipped,0.5276934749620638,1391,0.8267433501078361,2.6500622484761887,4.129547763090748
severe,29,clipped,0.5743550834597876,1514,0.6571994715984147,4.403626174629479,12.396094671947505
severe,29,unclipped,0.42564491654021247,1122,0.8850267379679144,3.4587064161581393,4.179643322769632
hidden_moderate,0,clipped,0.26365705614567525,695,0.6345323741007194,2.1392511801502585,6.258557844646579
hidden_moderate,0,unclipped,0.7363429438543247,1941,0.8366821226172076,2.3701212079416853,3.762708655294513
hidden_moderate,1,clipped,0.07587253414264036,200,0.79,4.2874449340315675,6.778612698954953
hidden_moderate,1,unclipped,0.9241274658573596,2436,0.8222495894909688,3.3114836324722625,5.363536973460814
hidden_moderate,2,clipped,0.0633535660091047,167,0.9520958083832335,5.590905686052823,5.769957258849636
hidden_moderate,2,unclipped,0.9366464339908953,2469,0.8213851761846902,3.163084427999763,4.6178661516861315
hidden_moderate,3,clipped,0.07094081942336875,187,0.5828877005347594,2.967303774660291,15.241392215497601
hidden_moderate,3,unclipped,0.9290591805766313,2449,0.8313597386688444,2.8707694440325673,4.272280490058599
hidden_moderate,4,clipped,0.09484066767830046,250,0.74,4.023236510620573,8.699506093141345
hidden_moderate,4,unclipped,0.9051593323216995,2386,0.8767812238055323,3.5275709068050762,5.147388901886516
hidden_moderate,5,clipped,0.10963581183611533,289,0.6920415224913494,4.679281175214324,8.444761869647104
hidden_moderate,5,unclipped,0.8903641881638846,2347,0.9045590115040477,3.95830587684909,5.3720932683808735
hidden_moderate,6,clipped,0.07587253414264036,200,0.45,2.000879711924549,11.40321254945083
hidden_moderate,6,unclipped,0.9241274658573596,2436,0.6904761904761905,2.525931730737826,7.051298531674832
hidden_moderate,7,clipped,0.21661608497723825,571,0.647985989492119,2.967237839078956,8.181421426241826
hidden_moderate,7,unclipped,0.7833839150227617,2065,0.9021791767554479,2.3946178937490177,3.1152315437784854
hidden_moderate,8,clipped,0.05614567526555387,148,0.9054054054054054,3.4770779820764486,4.003731530244478
hidden_moderate,8,unclipped,0.9438543247344461,2488,0.8946945337620579,2.9183156784837245,3.814784535235818
hidden_moderate,9,clipped,0.027693474962063733,73,0.3150684931506849,1.2115285359157346,12.10597480842174
hidden_moderate,9,unclipped,0.9723065250379362,2563,0.7818962153726102,2.1988861474260477,4.305566081170879
hidden_moderate,10,clipped,0.13694992412746584,361,0.8033240997229917,4.368324547116467,7.054227914133159
hidden_moderate,10,unclipped,0.8630500758725341,2275,0.8523076923076923,3.7068966298034693,5.478089467664627
hidden_moderate,11,clipped,0.19613050075872535,517,0.6924564796905223,2.9215943184342095,10.85778861564396
hidden_moderate,11,unclipped,0.8038694992412747,2119,0.760264275601699,2.545592920705782,5.918260281144223
hidden_moderate,12,clipped,0.19157814871016693,505,0.80990099009901,3.2581964405437547,4.878589254544026
hidden_moderate,12,unclipped,0.8084218512898331,2131,0.5861098076020648,1.9538703025286117,8.63633723824123
hidden_moderate,13,clipped,0.02693474962063733,71,0.7323943661971831,3.1940235074699928,4.852164944155146
hidden_moderate,13,unclipped,0.9730652503793626,2565,0.898635477582846,2.5981953226093504,3.2860452056399816
hidden_moderate,14,clipped,0.0,0,,,
hidden_moderate,14,unclipped,1.0,2636,0.9044006069802731,3.1859670618791847,4.012295664152457
hidden_moderate,15,clipped,0.09749620637329287,257,0.5291828793774319,3.395717258812488,9.909890594370973
hidden_moderate,15,unclipped,0.9025037936267072,2379,0.9092055485498108,2.5381251959119484,3.152358369391268
hidden_moderate,16,clipped,0.02921092564491654,77,0.5454545454545454,4.295647784864405,13.238238178426498
hidden_moderate,16,unclipped,0.9707890743550834,2559,0.8991793669402111,3.430012487999406,4.425381894628088
hidden_moderate,17,clipped,0.1054628224582701,278,0.8345323741007195,6.211090054133866,9.124649525403347
hidden_moderate,17,unclipped,0.8945371775417299,2358,0.8608990670059372,2.6525562995032472,3.365155210959013
hidden_moderate,18,clipped,0.07435508345978756,196,0.8367346938775511,4.560110027183662,7.437694168106339
hidden_moderate,18,unclipped,0.9256449165402124,2440,0.8680327868852459,3.405491860898411,4.564312518816085
hidden_moderate,19,clipped,0.2742792109256449,723,0.7219917012448133,3.7675915639983444,7.552723722162349
hidden_moderate,19,unclipped,0.7257207890743551,1913,0.8593831677992682,3.174207446954083,4.147788329127406
hidden_moderate,20,clipped,0.2746585735963581,724,0.5428176795580111,2.4086523877957426,19.755120770353205
hidden_moderate,20,unclipped,0.7253414264036419,1912,0.9341004184100419,2.8536331756788096,3.2047131024358944
hidden_moderate,21,clipped,0.25948406676783003,684,0.6549707602339181,3.4276955989547293,9.177718748073463
hidden_moderate,21,unclipped,0.7405159332321699,1952,0.8898565573770492,2.490088936749569,3.0989136287560544
hidden_moderate,22,clipped,0.1669195751138088,440,0.6681818181818182,5.576347091371738,12.135514460454642
hidden_moderate,22,unclipped,0.8330804248861912,2196,0.9102914389799636,3.610329012411474,4.2073850544641065
hidden_moderate,23,clipped,0.08915022761760243,235,0.8553191489361702,5.044071398444486,9.55944877047927
hidden_moderate,23,unclipped,0.9108497723823976,2401,0.8912952936276551,3.945752478428768,5.043263972580827
hidden_moderate,24,clipped,0.1449165402124431,382,0.5287958115183246,4.3692373038184344,12.069498125705069
hidden_moderate,24,unclipped,0.855083459787557,2254,0.8398402839396628,2.5061706329302558,3.7645152159055355
hidden_moderate,25,clipped,0.04324734446130501,114,0.9298245614035088,4.483991850260252,4.988599481639675
hidden_moderate,25,unclipped,0.956752655538695,2522,0.9183187946074544,3.324629545481157,4.0443970718983895
hidden_moderate,26,clipped,0.1035660091047041,273,0.7692307692307693,5.320353320929541,8.279156248190898
hidden_moderate,26,unclipped,0.8964339908952959,2363,0.8180279305966991,2.195021502220047,3.6695769809090506
hidden_moderate,27,clipped,0.16009104704097116,422,0.7654028436018957,5.0313897488593495,9.035457548830019
hidden_moderate,27,unclipped,0.8399089529590288,2214,0.9137308039747064,3.8298420173069867,4.589313610177904
hidden_moderate,28,clipped,0.3524279210925645,929,0.7438105489773951,3.814097611389417,9.480102320059647
hidden_moderate,28,unclipped,0.6475720789074355,1707,0.9168131224370241,3.2044907202783435,3.8227110141877545
hidden_moderate,29,clipped,0.2291350531107739,604,0.5215231788079471,3.384711625289332,16.583185820807547
hidden_moderate,29,unclipped,0.7708649468892261,2032,0.8666338582677166,2.537173603129507,3.7927703272827444
hidden_severe,0,clipped,0.22572078907435508,595,0.8521008403361344,4.323180734567806,5.596916347229715
hidden_severe,0,unclipped,0.7742792109256449,2041,0.8084272415482606,3.3852799086550145,5.320119788428744
hidden_severe,1,clipped,0.1441578148710167,380,0.881578947368421,6.117978104500784,7.1134850235867
hidden_severe,1,unclipped,0.8558421851289834,2256,0.8993794326241135,4.948765422173389,5.715643017758999
hidden_severe,2,clipped,0.5891502276176024,1553,0.7945911139729556,3.8833372215826016,5.861936132251529
hidden_severe,2,unclipped,0.41084977238239756,1083,0.850415512465374,3.2688146874566755,4.348452132645896
hidden_severe,3,clipped,0.23710166919575112,625,0.6848,4.886894534459498,10.306067524815168
hidden_severe,3,unclipped,0.7628983308042488,2011,0.8622575832918946,3.67868974243417,4.746296815942427
hidden_severe,4,clipped,0.3531866464339909,931,0.7808807733619764,4.057137715860531,6.364951122520374
hidden_severe,4,unclipped,0.6468133535660091,1705,0.817008797653959,3.6632498790677324,6.534562567733291
hidden_severe,5,clipped,0.10053110773899848,265,0.8075471698113208,6.508598835738602,12.964882515716427
hidden_severe,5,unclipped,0.8994688922610015,2371,0.9519190215099115,5.1656357715352685,5.776268025607094
hidden_severe,6,clipped,0.021623672230652504,57,0.5964912280701754,2.9302538916366654,10.796225228621205
hidden_severe,6,unclipped,0.9783763277693475,2579,0.8670027142303218,4.264395161742886,5.906921751156899
hidden_severe,7,clipped,0.15705614567526555,414,0.4492753623188406,2.39018174369715,15.303721347122744
hidden_severe,7,unclipped,0.8429438543247344,2222,0.7511251125112511,2.287947185950381,5.022226653614242
hidden_severe,8,clipped,0.2473444613050076,652,0.7147239263803681,2.7038203726499748,9.39540504821133
hidden_severe,8,unclipped,0.7526555386949925,1984,0.8331653225806451,2.610037336721201,4.6372476110608405
hidden_severe,9,clipped,0.036418816388467376,96,0.5520833333333334,3.241334095738426,8.797831779465765
hidden_severe,9,unclipped,0.9635811836115327,2540,0.794488188976378,2.6914673550019956,4.882110034528397
hidden_severe,10,clipped,0.5144157814871017,1356,0.7212389380530974,4.49789888343907,8.677418347590503
hidden_severe,10,unclipped,0.48558421851289835,1280,0.84375,3.3323596849328907,4.801601828781849
hidden_severe,11,clipped,0.7037177541729894,1855,0.6210242587601078,2.4624525484009103,9.142150582028544
hidden_severe,11,unclipped,0.2962822458270106,781,0.6325224071702945,1.9477382289838412,6.368227331166376
hidden_severe,12,clipped,0.8239757207890743,2172,0.7458563535911602,2.804456222782156,5.650400903288184
hidden_severe,12,unclipped,0.17602427921092564,464,0.8922413793103449,2.4715612800869646,3.200349166861993
hidden_severe,13,clipped,0.06600910470409711,174,0.6954022988505747,3.474817559661941,9.148261810388744
hidden_severe,13,unclipped,0.9339908952959028,2462,0.9402924451665313,3.328892166720026,3.6374728074791074
hidden_severe,14,clipped,0.13884673748103188,366,0.6502732240437158,2.430403738187505,7.250345896775475
hidden_severe,14,unclipped,0.8611532625189682,2270,0.8215859030837004,2.5745931338288233,4.3235646115776865
hidden_severe,15,clipped,0.06942336874051594,183,0.23497267759562843,2.392686474246954,19.618045364378656
hidden_severe,15,unclipped,0.9305766312594841,2453,0.8022829188748472,2.4423097258808117,4.565954526936357
hidden_severe,16,clipped,0.3342185128983308,881,0.7968217934165721,4.058079106707946,8.059720447332015
hidden_severe,16,unclipped,0.6657814871016692,1755,0.8854700854700854,3.092958075567652,4.361682367915003
hidden_severe,17,clipped,0.1452959028831563,383,0.6997389033942559,4.337447862143985,9.011354076297422
hidden_severe,17,unclipped,0.8547040971168437,2253,0.8806036395916556,2.9818068460186753,4.071523989514037
hidden_severe,18,clipped,0.19688922610015175,519,0.3448940269749518,3.7721244184395064,20.73284312938472
hidden_severe,18,unclipped,0.8031107738998483,2117,0.7057156353330184,3.0808473504994245,6.493818944809724
hidden_severe,19,clipped,0.38315629742033386,1010,0.7306930693069307,4.377357475699252,8.051125685154512
hidden_severe,19,unclipped,0.6168437025796661,1626,0.8154981549815498,3.2727538764323794,5.2220768899469165
hidden_severe,20,clipped,0.3535660091047041,932,0.5772532188841202,2.9880836988613932,15.548584298283718
hidden_severe,20,unclipped,0.6464339908952959,1704,0.8509389671361502,3.3585406109440035,4.49773687559803
hidden_severe,21,clipped,0.1650227617602428,435,0.7632183908045977,3.6808943729872685,6.448912963201453
hidden_severe,21,unclipped,0.8349772382397572,2201,0.8732394366197183,3.1310630928674104,4.050821536681831
hidden_severe,22,clipped,0.12215477996965099,322,0.16459627329192547,3.5380272898676175,27.276906463446874
hidden_severe,22,unclipped,0.877845220030349,2314,0.7549697493517719,3.298171562577896,6.6469424004086095
hidden_severe,23,clipped,0.6191198786039454,1632,0.8474264705882353,4.615852908792635,8.028221247681062
hidden_severe,23,unclipped,0.38088012139605465,1004,0.8655378486055777,3.591872225070521,5.202669319895954
hidden_severe,24,clipped,0.30652503793626706,808,0.6150990099009901,2.9407817331663915,9.925333234182567
hidden_severe,24,unclipped,0.6934749620637329,1828,0.7910284463894968,2.177803672175069,4.104047784558988
hidden_severe,25,clipped,0.13315629742033383,351,0.9344729344729344,5.24509168155481,6.052034773402436
hidden_severe,25,unclipped,0.8668437025796661,2285,0.7899343544857768,2.8540821353722796,4.883492217704736
hidden_severe,26,clipped,0.15364188163884673,405,0.725925925925926,4.621999656519353,7.8648799462657815
hidden_severe,26,unclipped,0.8463581183611533,2231,0.8265351860152398,2.621468190254673,4.210902685464269
hidden_severe,27,clipped,0.47040971168437024,1240,0.4120967741935484,2.106038966680199,17.033138733103886
hidden_severe,27,unclipped,0.5295902883156297,1396,0.7191977077363897,1.9085557589985311,5.076308368832851
hidden_severe,28,clipped,0.2738998482549317,722,0.7368421052631579,2.955361984142226,7.04499747511475
hidden_severe,28,unclipped,0.7261001517450683,1914,0.8380355276907001,2.5025942473336626,3.769232804294621
hidden_severe,29,clipped,0.2959028831562974,780,0.2641025641025641,2.6543791763864153,20.935600457733944
hidden_severe,29,unclipped,0.7040971168437026,1856,0.7995689655172413,2.3535711380073336,4.047673740990043
