regime,method,k,mean,std
mild,di_cqr,2,0.867845114902696,0.06647231452718606
mild,di_cqr,3,0.8048369276687767,0.11556390836978754
mild,di_cqr,4,0.7398542177654666,0.12457052331526704
mild,di_normalized,2,0.7696709009241848,0.07748423476095444
mild,di_normalized,3,0.6967465897582757,0.10527520743628523
mild,di_normalized,4,0.5899443657540162,0.11975579008457125
mild,split,2,0.66277401706455,0.11844977467804751
mild,split,3,0.5472474917908383,0.1540314524321895
mild,split,4,0.4584758228207962,0.14763638886038524
moderate,di_cqr,2,0.7166143461876329,0.12524968078695814
moderate,di_cqr,3,0.5866105154051159,0.1743088196000649
moderate,di_cqr,4,0.45182640181006717,0.21617739228550045
moderate,di_normalized,2,0.6385449374439183,0.16144209068567258
moderate,di_normalized,3,0.5303662284988838,0.1715162870416758
moderate,di_normalized,4,0.42037259228714696,0.21419633884666894
moderate,split,2,0.3452139492125698,0.12116319917221946
moderate,split,3,0.23495533217658274,0.12001289841355686
moderate,split,4,0.10762575008099276,0.10178291603907173
none,di_cqr,2,0.9097638892359384,0.02890277514606311
none,di_cqr,3,0.8704264786467184,0.04970348631108753
none,di_cqr,4,0.8228961360037047,0.05198198626944591
none,di_normalized,2,0.8658797933020196,0.03432169047300451
none,di_normalized,3,0.8235193947798832,0.04869051606493668
none,di_normalized,4,0.7576711223687611,0.04640942707091101
none,split,2,0.8600708275483119,0.033816862535406784
none,split,3,0.8107867285803427,0.05304706534550666
none,split,4,0.7372372925318469,0.06263466599618817
severe,di_cqr,2,0.5750625295647919,0.18622259806662608
severe,di_cqr,3,0.4222903240935845,0.19231442865061038
severe,di_cqr,4,0.2862605937153658,0.21287333591473717
severe,di_normalized,2,0.5628885959087341,0.15675506715257737
severe,di_normalized,3,0.4254171014252801,0.17116279322843506
severe,di_normalized,4,0.3102306347895337,0.19887827687084375
severe,split,2,0.22594140181749778,0.10154270532316301
severe,split,3,0.1369136204541996,0.08685587940069647
severe,split,4,0.05766490860827244,0.06520555800404881
