regime,method,decile,cov_mean,cov_sd,width_mean
hidden_moderate,cqr,1,0.925,0.027012429016364164,2.178807278480588
hidden_moderate,cqr,2,0.8823827629911281,0.04913055447324242,2.284722475241324
hidden_moderate,cqr,3,0.8441919191919192,0.0703372675133865,2.3387400784071715
hidden_moderate,cqr,4,0.8050697084917616,0.09297005372963349,2.380481739721193
hidden_moderate,cqr,5,0.7545454545454545,0.10392307892341189,2.4118506671820823
hidden_moderate,cqr,6,0.7242217805430734,0.11973998602486272,2.4777155552262355
hidden_moderate,cqr,7,0.7069982140799631,0.12840238630684644,2.558058705853221
hidden_moderate,cqr,8,0.6637515842839037,0.12908724810988112,2.5890086069654767
hidden_moderate,cqr,9,0.6377525252525252,0.12143430579146054,2.7321810418967947
hidden_moderate,cqr,10,0.5617424242424243,0.18283888759509076,3.0756509668904264
hidden_moderate,di_cqr,1,0.8744949494949494,0.048689050999563624,1.9678834349977958
hidden_moderate,di_cqr,2,0.8910012674271229,0.0500991795480211,2.3876053428885737
hidden_moderate,di_cqr,3,0.8907828282828283,0.056866779402583875,2.696529738169842
hidden_moderate,di_cqr,4,0.88276299112801,0.06898580854465498,2.9543715678838884
hidden_moderate,di_cqr,5,0.873989898989899,0.10503371613825695,3.197413698489067
hidden_moderate,di_cqr,6,0.8484853285708799,0.12113610104449565,3.2833383153559494
hidden_moderate,di_cqr,7,0.83206494603833,0.13483555099118202,3.386556863727775
hidden_moderate,di_cqr,8,0.7937896070975919,0.12680394919400398,3.4175067648400312
hidden_moderate,di_cqr,9,0.7614898989898989,0.1202634116632282,3.560679199771349
hidden_moderate,di_cqr,10,0.6765151515151515,0.1792961180244402,3.90414912476498
hidden_moderate,di_normalized,1,0.8763888888888889,0.05141481844287049,1.6279474253244475
hidden_moderate,di_normalized,2,0.8378960709759189,0.062497670371689545,1.7807843340566216
hidden_moderate,di_normalized,3,0.8084595959595959,0.08663249031416104,1.9243333449945674
hidden_moderate,di_normalized,4,0.7774397972116602,0.09547689278615695,2.070190894637447
hidden_moderate,di_normalized,5,0.7647727272727273,0.09584389048949665,2.2279411224923766
hidden_moderate,di_normalized,6,0.7511570073357146,0.10012296199437466,2.411026041585118
hidden_moderate,di_normalized,7,0.7367429043284557,0.11830903653096085,2.6348783350523637
hidden_moderate,di_normalized,8,0.750063371356147,0.1193854271269024,2.9176759531086507
hidden_moderate,di_normalized,9,0.7441919191919192,0.13444065772264951,3.3293493389546116
hidden_moderate,di_normalized,10,0.7275252525252525,0.1952033100287538,4.424709938709233
hidden_moderate,lcp,1,0.9181818181818182,0.045253823624206026,1.95419240864138
hidden_moderate,lcp,2,0.8609632446134348,0.07535204442548779,1.9702051381430905
hidden_moderate,lcp,3,0.8090909090909091,0.11089786303092164,1.9954906934886714
hidden_moderate,lcp,4,0.7552598225602029,0.1317583465312709,2.0237199743569647
hidden_moderate,lcp,5,0.711111111111111,0.13565039486679964,2.012184495029237
hidden_moderate,lcp,6,0.6638130352959251,0.136626633947544,2.0461016674841543
hidden_moderate,lcp,7,0.6124241464070361,0.15020741806147866,2.024108308470443
hidden_moderate,lcp,8,0.5737642585551331,0.14138729935175487,2.1204679297483797
hidden_moderate,lcp,9,0.5204545454545454,0.1423411238373865,2.2241701250477752
hidden_moderate,lcp,10,0.44090909090909086,0.17055929673442802,3.8701971937855872
hidden_moderate,lcp_cqr,1,0.9231060606060606,0.031222182134351444,2.1895556325908268
hidden_moderate,lcp_cqr,2,0.8802281368821293,0.05274033614994981,2.299248759888485
hidden_moderate,lcp_cqr,3,0.8443181818181817,0.07131952093701742,2.3779245263175404
hidden_moderate,lcp_cqr,4,0.8089987325728771,0.08955456584421444,2.4494637603387575
hidden_moderate,lcp_cqr,5,0.7597222222222223,0.10191014782408173,2.465167250788615
hidden_moderate,lcp_cqr,6,0.7258612743403619,0.12258127842342989,2.552343175770141
hidden_moderate,lcp_cqr,7,0.7102930445135769,0.13138028444517588,2.608705140520458
hidden_moderate,lcp_cqr,8,0.6702154626108998,0.1308031035393106,2.7379097238652172
hidden_moderate,lcp_cqr,9,0.6430555555555556,0.12786906916654717,2.9926409709137554
hidden_moderate,lcp_cqr,10,0.5907828282828282,0.1702453823311549,5.034365952471476
hidden_moderate,split,1,0.919949494949495,0.03907126780367563,1.9610970435769868
hidden_moderate,split,2,0.8627376425855514,0.0737516192459001,1.9610970435769868
hidden_moderate,split,3,0.8073232323232323,0.11588993792988703,1.9610970435769868
hidden_moderate,split,4,0.7536121673003802,0.13054546040787376,1.9610970435769868
hidden_moderate,split,5,0.7071969696969697,0.1409809467802485,1.9610970435769868
hidden_moderate,split,6,0.6532151361523986,0.1438474798219877,1.9610970435769868
hidden_moderate,split,7,0.5996197718631179,0.15814616057346845,1.9610970435769868
hidden_moderate,split,8,0.5621039290240811,0.14853278908547352,1.9610970435769868
hidden_moderate,split,9,0.5037878787878788,0.13659564612112746,1.9610970435769868
hidden_moderate,split,10,0.39835858585858586,0.16535260007710254,1.9610970435769868
hidden_moderate,weighted_oracle,1,0.9806818181818182,0.017804280842715098,5.412923949945336
hidden_moderate,weighted_oracle,2,0.9675538656527249,0.03015047558220494,8.586600123253845
hidden_moderate,weighted_oracle,3,0.9625,0.03775253253326646,13.489846920732903
hidden_moderate,weighted_oracle,4,0.9404309252217998,0.048501470070195514,17.442551596474534
hidden_moderate,weighted_oracle,5,0.9363636363636363,0.054859120763975824,22.184637003378576
hidden_moderate,weighted_oracle,6,0.9259083227714406,0.05927080124468166,26.898587148536652
hidden_moderate,weighted_oracle,7,0.9205193570687867,0.05815393157626751,34.18859225669998
hidden_moderate,weighted_oracle,8,0.9197718631178707,0.07253156504033809,40.79956720461532
hidden_moderate,weighted_oracle,9,0.9170454545454546,0.08880215852659024,47.5757168851886
hidden_moderate,weighted_oracle,10,0.9398989898989899,0.07112767991365383,57.53884372038869
hidden_moderate,width_matched_global,1,0.9787878787878788,0.02167084964480901,3.075689122234812
hidden_moderate,width_matched_global,2,0.9609632446134347,0.03795632489222351,3.075689122234812
hidden_moderate,width_matched_global,3,0.9402777777777779,0.057897988512278925,3.075689122234812
hidden_moderate,width_matched_global,4,0.9124207858048162,0.0731757086552391,3.075689122234812
hidden_moderate,width_matched_global,5,0.8859848484848485,0.07914544645181139,3.075689122234812
hidden_moderate,width_matched_global,6,0.8519030610285363,0.10563693667657424,3.075689122234812
hidden_moderate,width_matched_global,7,0.8092863041056957,0.11265159381207134,3.075689122234812
hidden_moderate,width_matched_global,8,0.7653992395437262,0.13326945229955617,3.075689122234812
hidden_moderate,width_matched_global,9,0.7020202020202021,0.1640134270463898,3.075689122234812
hidden_moderate,width_matched_global,10,0.5627525252525253,0.21100730848275365,3.075689122234812
hidden_severe,cqr,1,0.8756313131313131,0.06973928890277009,2.120118692767454
hidden_severe,cqr,2,0.78808618504436,0.10151614096430606,2.194633120506016
hidden_severe,cqr,3,0.7397727272727272,0.11751121766264992,2.27037423540673
hidden_severe,cqr,4,0.7044359949302915,0.10499717055211426,2.343980878237468
hidden_severe,cqr,5,0.6633838383838384,0.10953380382446351,2.408771355511666
hidden_severe,cqr,6,0.6363213887928717,0.11258087899056785,2.4678197096426997
hidden_severe,cqr,7,0.6099656258401506,0.12075733716942583,2.557242161392802
hidden_severe,cqr,8,0.596958174904943,0.1372494815717871,2.6446429505405677
hidden_severe,cqr,9,0.5792929292929293,0.16782316212177345,2.7726015543796687
hidden_severe,cqr,10,0.49772727272727274,0.2483113227985916,2.9103778489374155
hidden_severe,di_cqr,1,0.8734848484848484,0.06791716895194592,2.145101080718467
hidden_severe,di_cqr,2,0.8664131812420786,0.08803333090209635,2.729433923634635
hidden_severe,di_cqr,3,0.8640151515151515,0.08171065489361629,3.0801097195025133
hidden_severe,di_cqr,4,0.8394169835234474,0.08353498946915924,3.221836255644412
hidden_severe,di_cqr,5,0.8102272727272728,0.09429302560535753,3.343238425583925
hidden_severe,di_cqr,6,0.7786548949571763,0.12153120483242766,3.407360648504961
hidden_severe,di_cqr,7,0.759847524676422,0.1232193977317093,3.496783100255063
hidden_severe,di_cqr,8,0.7391634980988593,0.13192894232199998,3.584183889402829
hidden_severe,di_cqr,9,0.7147727272727272,0.16936155438583628,3.7121424932419296
hidden_severe,di_cqr,10,0.6103535353535354,0.25854344726053274,3.8499187877996763
hidden_severe,di_normalized,1,0.8145202020202019,0.07421685187861825,1.4561774416438042
hidden_severe,di_normalized,2,0.7410646387832699,0.10077393776188975,1.657181898030216
hidden_severe,di_normalized,3,0.6839646464646465,0.12157356691877219,1.8434671555240578
hidden_severe,di_normalized,4,0.6615969581749049,0.11085909581406725,2.0390809431330377
hidden_severe,di_normalized,5,0.6517676767676768,0.1221713503578177,2.241128017442667
hidden_severe,di_normalized,6,0.6557567116027191,0.12731760166355818,2.4643368245109296
hidden_severe,di_normalized,7,0.6551935706878673,0.1490186512311643,2.7191750625989224
hidden_severe,di_normalized,8,0.6576679340937895,0.15636924139893768,3.0183894893368026
hidden_severe,di_normalized,9,0.6678030303030303,0.16254324383868543,3.4572579080526245
hidden_severe,di_normalized,10,0.6907828282828282,0.20820025989651586,4.496326884320803
hidden_severe,lcp,1,0.8484848484848484,0.06941871218258995,1.7343088356548615
hidden_severe,lcp,2,0.7351077313054499,0.11666266115406342,1.7537353277173429
hidden_severe,lcp,3,0.6361111111111111,0.13974648941622708,1.7123112725732856
hidden_severe,lcp,4,0.5642585551330799,0.13300902796357764,1.769233310028296
hidden_severe,lcp,5,0.5137626262626263,0.1280616136726622,1.6811488130557815
hidden_severe,lcp,6,0.48095402696163153,0.12659591061110287,1.691945903328405
hidden_severe,lcp,7,0.44121106502285207,0.13578178508237776,1.7334528950438015
hidden_severe,lcp,8,0.40874524714828897,0.13464864157381065,1.8903360900594957
hidden_severe,lcp,9,0.39520202020202017,0.13195418303535172,2.4702351957131827
hidden_severe,lcp,10,0.3832070707070707,0.18043349899391306,5.928852141918603
hidden_severe,lcp_cqr,1,0.8751262626262626,0.06800368094991109,2.219841596153169
hidden_severe,lcp_cqr,2,0.788212927756654,0.10332786917602522,2.3166866657989957
hidden_severe,lcp_cqr,3,0.7393939393939394,0.11505299503218093,2.355300728895328
hidden_severe,lcp_cqr,4,0.7062103929024081,0.1039761288636191,2.472821693865982
hidden_severe,lcp_cqr,5,0.6660353535353535,0.10567778413017546,2.4523900663838103
hidden_severe,lcp_cqr,6,0.6387198986058301,0.10979285026139188,2.523464998366332
hidden_severe,lcp_cqr,7,0.6170521757498943,0.11909130128253743,2.6445480887135067
hidden_severe,lcp_cqr,8,0.6074778200253486,0.13481490208882707,2.8900502175662797
hidden_severe,lcp_cqr,9,0.5943181818181817,0.1657060936348387,3.581869047100563
hidden_severe,lcp_cqr,10,0.5566919191919192,0.237472455054115,7.108020276580987
hidden_severe,split,1,0.8494949494949495,0.07103162315122581,1.6400637068469825
hidden_severe,split,2,0.7335868187579214,0.12180786634556647,1.6400637068469825
hidden_severe,split,3,0.6368686868686868,0.1450615300232655,1.640063706846982
hidden_severe,split,4,0.5653992395437263,0.1391725610898435,1.640063706846982
hidden_severe,split,5,0.5133838383838384,0.13300138176808624,1.640063706846982
hidden_severe,split,6,0.4770389253754273,0.12708194879520743,1.640063706846982
hidden_severe,split,7,0.4388043937473595,0.1443909634941296,1.640063706846982
hidden_severe,split,8,0.4046894803548796,0.14083735191579774,1.6400637068469825
hidden_severe,split,9,0.37840909090909086,0.13449811685488347,1.640063706846982
hidden_severe,split,10,0.30252525252525253,0.1559935503001379,1.640063706846982
hidden_severe,weighted_oracle,1,0.9617424242424242,0.050117318271265004,10.053415913169095
hidden_severe,weighted_oracle,2,0.9467680608365019,0.06285969747546855,21.834944543407648
hidden_severe,weighted_oracle,3,0.9380050505050506,0.06728690629912151,31.457171572440252
hidden_severe,weighted_oracle,4,0.9363751584283904,0.07875679314345962,38.85880584312027
hidden_severe,weighted_oracle,5,0.9463383838383839,0.0713939416484971,44.93328860915364
hidden_severe,weighted_oracle,6,0.9570759880170526,0.06477248194402585,50.64160912452703
hidden_severe,weighted_oracle,7,0.9574062872066674,0.06688230957964317,54.22373019214702
hidden_severe,weighted_oracle,8,0.9596958174904944,0.0713552892305321,57.525119826763856
hidden_severe,weighted_oracle,9,0.9619949494949495,0.07753583868897551,59.76713007039111
hidden_severe,weighted_oracle,10,0.9709595959595959,0.08180132894017708,63.2309084142105
hidden_severe,width_matched_global,1,0.9758838383838384,0.03614752227736043,3.257027547270637
hidden_severe,width_matched_global,2,0.9385297845373891,0.06762831477354349,3.257027547270637
hidden_severe,width_matched_global,3,0.9,0.08547638619046344,3.257027547270637
hidden_severe,width_matched_global,4,0.856020278833967,0.09748688469767214,3.257027547270637
hidden_severe,width_matched_global,5,0.8097222222222222,0.10446574493252125,3.257027547270637
hidden_severe,width_matched_global,6,0.7766524561201368,0.11376132317727627,3.257027547270637
hidden_severe,width_matched_global,7,0.7294614394899566,0.13864043696654593,3.257027547270637
hidden_severe,width_matched_global,8,0.6958174904942965,0.14809217306721184,3.257027547270637
hidden_severe,width_matched_global,9,0.6473484848484848,0.16994539655639093,3.257027547270637
hidden_severe,width_matched_global,10,0.557070707070707,0.22721379707371434,3.257027547270637
mild,cqr,1,0.9510101010101011,0.022040595913745402,2.265168135165453
mild,cqr,2,0.9323193916349809,0.02147183509526356,2.316051391309069
mild,cqr,3,0.9093434343434343,0.027222853891521626,2.3695531631956612
mild,cqr,4,0.8893536121673004,0.03113662668253891,2.4802212148833727
mild,cqr,5,0.8734848484848484,0.04042634789971806,2.6332438854250486
mild,cqr,6,0.8578777316895188,0.04218315407824668,2.793983719150066
mild,cqr,7,0.8493658063524984,0.04235097833382269,3.06694349625914
mild,cqr,8,0.8313054499366287,0.0617755903711387,3.377460862197096
mild,cqr,9,0.809469696969697,0.1118996069634183,3.8965232843757684
mild,cqr,10,0.7160353535353535,0.1738173547756698,4.498917576363879
mild,di_cqr,1,0.8924242424242425,0.03893003111683001,1.9061287106248936
mild,di_cqr,2,0.9064638783269962,0.029715227141427714,2.1688443273754503
mild,di_cqr,3,0.9066919191919192,0.033401589737241145,2.378483550426756
mild,di_cqr,4,0.9125475285171103,0.03010524680973247,2.6501038834134976
mild,di_cqr,5,0.9180555555555556,0.04014243668847553,3.001978224595836
mild,di_cqr,6,0.926038906171986,0.032645404724482546,3.3890913343731364
mild,di_cqr,7,0.9283370780043784,0.03459999837601201,3.771987341944069
mild,di_cqr,8,0.9077313054499366,0.05241970882306355,4.084914155025976
mild,di_cqr,9,0.8731060606060606,0.09770686809575832,4.60397657720465
mild,di_cqr,10,0.7813131313131313,0.15525024376672905,5.206370869192758
mild,di_normalized,1,0.9032828282828282,0.03168750428921661,1.7006425639190546
mild,di_normalized,2,0.8854245880861851,0.042018140776526824,1.8284072492991836
mild,di_normalized,3,0.8700757575757575,0.04272950982382509,1.9300138797797972
mild,di_normalized,4,0.8480354879594424,0.051899287617485274,2.0415369398266527
mild,di_normalized,5,0.8352272727272728,0.05431848968607056,2.1722904476824616
mild,di_normalized,6,0.8160459154280447,0.07112299448851057,2.3364995089300664
mild,di_normalized,7,0.8035305526750395,0.08087033043414281,2.5535423593147004
mild,di_normalized,8,0.7828897338403042,0.08474761967013118,2.8689229988573683
mild,di_normalized,9,0.782070707070707,0.11327761786673328,3.4661714391375638
mild,di_normalized,10,0.8458333333333333,0.1217950244290857,5.213949877832108
mild,lcp,1,0.9516414141414142,0.02515907036546403,2.1300104550758685
mild,lcp,2,0.9307984790874524,0.031089358300506405,2.165604480672631
mild,lcp,3,0.9098484848484849,0.03647340624653431,2.195689907191647
mild,lcp,4,0.8738910012674271,0.047312563890824055,2.232241192098303
mild,lcp,5,0.8424242424242424,0.052208515374505306,2.263788686534771
mild,lcp,6,0.8032713062180743,0.07195188839590724,2.3170533539383524
mild,lcp,7,0.7591163536505742,0.09126366839350389,2.3906524446144086
mild,lcp,8,0.69404309252218,0.10054306044287861,2.5340030211443474
mild,lcp,9,0.6356060606060605,0.11495404615992999,3.0805578856808524
mild,lcp,10,0.6385101010101011,0.16544712494667135,9.42355046171411
mild,lcp_cqr,1,0.9487373737373737,0.021212432201531847,2.239829723424537
mild,lcp_cqr,2,0.9292775665399239,0.021753248312659974,2.311183638523286
mild,lcp_cqr,3,0.9073232323232323,0.028480549858326636,2.3782661383705563
mild,lcp_cqr,4,0.8866920152091254,0.032729792367512896,2.475999412858667
mild,lcp_cqr,5,0.8718434343434344,0.04263600461738035,2.6650686618191446
mild,lcp_cqr,6,0.8591465990705535,0.042873582003799884,2.8451543099710506
mild,lcp_cqr,7,0.8539199024465184,0.03975269327382999,3.1505483306745377
mild,lcp_cqr,8,0.8403041825095057,0.060672389107160475,3.5840876926848164
mild,lcp_cqr,9,0.8297979797979799,0.09950904889075024,4.565543934088896
mild,lcp_cqr,10,0.817929292929293,0.1117526443324689,11.234480065063764
mild,split,1,0.9511363636363637,0.02562025445488736,2.179228974136792
mild,split,2,0.9297845373891002,0.03130243295020062,2.179228974136792
mild,split,3,0.9088383838383839,0.03997508274713724,2.179228974136792
mild,split,4,0.8709759188846641,0.050402755596177164,2.179228974136792
mild,split,5,0.8335858585858585,0.058731570019472296,2.179228974136792
mild,split,6,0.7879575219879402,0.07861482404526057,2.179228974136792
mild,split,7,0.7343261512463034,0.10311805240993029,2.179228974136792
mild,split,8,0.6574144486692016,0.11334656420732941,2.179228974136792
mild,split,9,0.567929292929293,0.1415650473623575,2.179228974136792
mild,split,10,0.4690656565656566,0.17165945705265817,2.179228974136792
mild,weighted_oracle,1,0.9835858585858586,0.017036986557151645,3.4753771353090146
mild,weighted_oracle,2,0.9751584283903675,0.02360274645776383,3.5453798408099004
mild,weighted_oracle,3,0.9714646464646465,0.025297330505555007,3.8456015064874847
mild,weighted_oracle,4,0.955766793409379,0.03905104183539195,3.9772831703021434
mild,weighted_oracle,5,0.9383838383838384,0.04976645582722309,4.4010469972930215
mild,weighted_oracle,6,0.9216177939086684,0.06421911204774391,5.152703961982514
mild,weighted_oracle,7,0.8977186311787072,0.07816564674509312,6.076630372198439
mild,weighted_oracle,8,0.8662864385297845,0.08491647569692991,8.921131199103153
mild,weighted_oracle,9,0.8608585858585858,0.08167179261817793,20.14588548592393
mild,weighted_oracle,10,0.9022727272727272,0.08446205292223477,47.01672144133084
mild,width_matched_global,1,0.9900252525252525,0.00685460875687292,3.3164834355167527
mild,width_matched_global,2,0.9847908745247148,0.012188587645671517,3.3164834355167527
mild,width_matched_global,3,0.9789141414141415,0.01642636123117745,3.3164834355167527
mild,width_matched_global,4,0.9686945500633714,0.023346843240198575,3.3164834355167527
mild,width_matched_global,5,0.9558080808080809,0.029897583679169983,3.3164834355167527
mild,width_matched_global,6,0.9327519491492875,0.04220668574149224,3.3164834355167527
mild,width_matched_global,7,0.9049117601874256,0.047557303032708824,3.3164834355167527
mild,width_matched_global,8,0.8455006337135614,0.06730614550298095,3.3164834355167527
mild,width_matched_global,9,0.7556818181818182,0.13828307046540733,3.3164834355167527
mild,width_matched_global,10,0.6452020202020202,0.19043687070697649,3.3164834355167527
moderate,cqr,1,0.913510101010101,0.039716190265257245,2.163586403459522
moderate,cqr,2,0.870722433460076,0.0356126101929775,2.4064786799286866
moderate,cqr,3,0.826388888888889,0.057841561599524964,2.7002748530787435
moderate,cqr,4,0.7946768060836502,0.09386163261455453,3.0191957681598898
moderate,cqr,5,0.7579545454545454,0.12035744757324415,3.3388259585527584
moderate,cqr,6,0.7458357337634904,0.11884937408289785,3.665294204469657
moderate,cqr,7,0.7172835772170373,0.13811801511386285,3.9322633522176957
moderate,cqr,8,0.6768060836501901,0.1516974053526163,4.1434957611409775
moderate,cqr,9,0.6375,0.18737468501583127,4.372054252188005
moderate,cqr,10,0.5982323232323232,0.24277488465149,4.791406327707807
moderate,di_cqr,1,0.9074494949494949,0.03759932611326572,2.161817940013743
moderate,di_cqr,2,0.9078580481622307,0.02786382218945159,2.654356922691728
moderate,di_cqr,3,0.9035353535353535,0.05487114441746786,3.2287998819113555
moderate,di_cqr,4,0.8688212927756654,0.08608070125195749,3.5844210667738845
moderate,di_cqr,5,0.8354797979797979,0.10377197159240727,3.9045807683509595
moderate,di_cqr,6,0.807925260206629,0.11058684844374408,4.231049014267858
moderate,di_cqr,7,0.7777556938203326,0.13081173133488022,4.498018162015897
moderate,di_cqr,8,0.7329531051964512,0.14677235195547217,4.7092505709391785
moderate,di_cqr,9,0.6897727272727272,0.18173475859579535,4.937809061986206
moderate,di_cqr,10,0.653030303030303,0.22110581319267147,5.357161137506009
moderate,di_normalized,1,0.8424242424242424,0.06861294093571937,1.497306001393561
moderate,di_normalized,2,0.7892268694550064,0.08583092190900835,1.719508715898494
moderate,di_normalized,3,0.7383838383838384,0.08900574848251294,1.9601106804925794
moderate,di_normalized,4,0.7045627376425856,0.0999832729500622,2.270946076265768
moderate,di_normalized,5,0.6911616161616162,0.126280737119777,2.6652062375959527
moderate,di_normalized,6,0.6912705956907478,0.14516692206745846,3.1640755551370687
moderate,di_normalized,7,0.7079636670891424,0.1590911803112449,3.7845817904220267
moderate,di_normalized,8,0.7262357414448669,0.1673569876936608,4.539617467774732
moderate,di_normalized,9,0.7617424242424242,0.1632818334719219,5.618913187074824
moderate,di_normalized,10,0.8409090909090909,0.16531045528379615,7.803493015652943
moderate,lcp,1,0.9077020202020202,0.03830072384638504,1.9873408192894642
moderate,lcp,2,0.82915082382763,0.06330174053083507,2.1138147985518416
moderate,lcp,3,0.7446969696969696,0.08199625538147085,2.4218470685576015
moderate,lcp,4,0.6520912547528517,0.10773349064695209,2.959280799145756
moderate,lcp,5,0.5794191919191919,0.13364616148998262,3.7605478265278
moderate,lcp,6,0.5301532434612283,0.16040262789803544,4.557497986964081
moderate,lcp,7,0.5055267503936706,0.1682976873126275,5.578396434722549
moderate,lcp,8,0.45982256020278833,0.18198959351400412,6.792363416307775
moderate,lcp,9,0.525,0.20524957178971945,14.139686001392676
moderate,lcp,10,0.7686868686868686,0.23287448041182043,36.725967792321285
moderate,lcp_cqr,1,0.9205808080808081,0.03157410197017944,2.384401884006867
moderate,lcp_cqr,2,0.8859315589353612,0.03361051796326786,2.6545217585070406
moderate,lcp_cqr,3,0.8444444444444444,0.05015268055819393,3.2284293745527006
moderate,lcp_cqr,4,0.8198986058301647,0.08294687066039452,4.044424838982077
moderate,lcp_cqr,5,0.7892676767676768,0.11189223762267798,5.153778924387905
moderate,lcp_cqr,6,0.7727546376310634,0.12213521878496786,6.293943379097522
moderate,lcp_cqr,7,0.7598240004608826,0.15072829891249828,7.396739236133362
moderate,lcp_cqr,8,0.7357414448669201,0.17160670480846757,8.956860538019775
moderate,lcp_cqr,9,0.7618686868686868,0.1708408293787736,16.748752517088864
moderate,lcp_cqr,10,0.8945707070707071,0.13569105631739853,39.862337230363636
moderate,split,1,0.8885101010101011,0.05907385391860786,1.753707402453723
moderate,split,2,0.7921419518377693,0.09981451640764331,1.753707402453723
moderate,split,3,0.6886363636363637,0.10954133182782526,1.7537074024537227
moderate,split,4,0.5835234474017744,0.12545237138690973,1.753707402453723
moderate,split,5,0.49696969696969695,0.1281037827142074,1.753707402453723
moderate,split,6,0.42054048085416906,0.13060930356185488,1.7537074024537227
moderate,split,7,0.37186263778469103,0.11295772054562114,1.753707402453723
moderate,split,8,0.3017743979721166,0.10635370187991987,1.753707402453723
moderate,split,9,0.26262626262626265,0.11335882746056068,1.753707402453723
moderate,split,10,0.22815656565656567,0.16035992892137635,1.753707402453723
moderate,weighted_oracle,1,0.9852272727272727,0.0179426868500584,5.286774256560504
moderate,weighted_oracle,2,0.967934093789607,0.03850077633415155,6.770740975799314
moderate,weighted_oracle,3,0.9473484848484849,0.056159980690674904,9.967445660540054
moderate,weighted_oracle,4,0.9307984790874524,0.06414250442018421,16.572180771178264
moderate,weighted_oracle,5,0.9343434343434344,0.06161269982452561,28.18268159917522
moderate,weighted_oracle,6,0.9485563813035296,0.057891526540904764,40.88938631692908
moderate,weighted_oracle,7,0.9733993931712562,0.04790886603492472,51.90656779597202
moderate,weighted_oracle,8,0.9921419518377693,0.01497570098255049,57.70904252375807
moderate,weighted_oracle,9,0.9982323232323231,0.005046149288547263,60.069891839332016
moderate,weighted_oracle,10,0.9983585858585858,0.008990395514605013,60.461917077299056
moderate,width_matched_global,1,0.9934343434343434,0.009221315921335096,3.9268561894836065
moderate,width_matched_global,2,0.9832699619771863,0.017512712414668993,3.9268561894836065
moderate,width_matched_global,3,0.9606060606060607,0.03812096043960225,3.9268561894836065
moderate,width_matched_global,4,0.9172370088719899,0.07908369128365485,3.9268561894836065
moderate,width_matched_global,5,0.8564393939393941,0.12499544812965478,3.9268561894836065
moderate,width_matched_global,6,0.7854121058493682,0.15119383355633587,3.9268561894836065
moderate,width_matched_global,7,0.7202946768060837,0.16706533709736052,3.9268561894836065
moderate,width_matched_global,8,0.6415716096324462,0.18128696934240285,3.9268561894836065
moderate,width_matched_global,9,0.5717171717171717,0.18960002719771446,3.9268561894836065
moderate,width_matched_global,10,0.5102272727272728,0.2249426665603692,3.9268561894836065
none,cqr,1,0.9602272727272728,0.0208600332374903,2.391015725923041
none,cqr,2,0.9377693282636249,0.02920559287563115,2.4211200285273042
none,cqr,3,0.9281565656565657,0.03169921240882912,2.419824957015803
none,cqr,4,0.9197718631178707,0.034145424035972205,2.4220155979085183
none,cqr,5,0.9046717171717172,0.03636041616125964,2.446364890516718
none,cqr,6,0.8943892345508314,0.038118132320803015,2.477982549338162
none,cqr,7,0.8832267542343588,0.034786662749873645,2.4864476828505806
none,cqr,8,0.8738910012674271,0.0408675364979869,2.5582513519991354
none,cqr,9,0.8487373737373737,0.0421909793596497,2.598371916089114
none,cqr,10,0.8162878787878788,0.06537189950041578,2.9174012251247348
none,di_cqr,1,0.9107323232323232,0.054626696773077486,2.0723880554702645
none,di_cqr,2,0.882256020278834,0.05873079392892171,2.1058559018052594
none,di_cqr,3,0.9112373737373737,0.04169258400434841,2.319448974564531
none,di_cqr,4,0.9081115335868187,0.04497904106445343,2.403080897277761
none,di_cqr,5,0.9228535353535354,0.03702650540816809,2.6159144488228985
none,di_cqr,6,0.9191861581595422,0.04300323235800155,2.6828592981243804
none,di_cqr,7,0.9304110496600991,0.0338849301124968,2.8871066145598943
none,di_cqr,8,0.9309252217997466,0.03949027831570716,3.05036637667618
none,di_cqr,9,0.9328282828282828,0.03396635398576428,3.296765622514166
none,di_cqr,10,0.9103535353535352,0.05462352669576221,3.672664598622331
none,di_normalized,1,0.9351010101010101,0.03721643116553645,1.9548340371275812
none,di_normalized,2,0.9311787072243346,0.022579763069203774,2.0566148387718006
none,di_normalized,3,0.9174242424242425,0.028142690334858663,2.1332989937236464
none,di_normalized,4,0.9179974651457541,0.027101958295519514,2.2109880421527537
none,di_normalized,5,0.9093434343434343,0.03148701454079553,2.2898488188200092
none,di_normalized,6,0.9081681837385259,0.026755305476465964,2.3742336450421675
none,di_normalized,7,0.9055056266082883,0.02867122632175092,2.469238594633695
none,di_normalized,8,0.8885931558935362,0.0326802519778539,2.5880468611113736
none,di_normalized,9,0.8781565656565656,0.04494096982388279,2.753360478315233
none,di_normalized,10,0.8737373737373737,0.057397200622210015,3.20684874112306
none,lcp,1,0.9693181818181819,0.019501836663773607,2.42837809174896
none,lcp,2,0.9605830164765526,0.015803368514771928,2.4454803946483867
none,lcp,3,0.9484848484848485,0.02076136996343502,2.4619775430219937
none,lcp,4,0.9433460076045627,0.02052090451845595,2.4371246863481457
none,lcp,5,0.9255050505050505,0.029914127579917307,2.4780417769691256
none,lcp,6,0.9172816568729115,0.02648203115528582,2.4978938723121136
none,lcp,7,0.9023336981987172,0.03139954645531017,2.5145779455460415
none,lcp,8,0.8714828897338404,0.040737005713801906,2.507239913614103
none,lcp,9,0.8425505050505051,0.04616395357586705,2.5663428672339434
none,lcp,10,0.7758838383838385,0.06962568572323342,2.7670399568771393
none,lcp_cqr,1,0.9577020202020202,0.01918810916552518,2.3754234817644453
none,lcp_cqr,2,0.935361216730038,0.029972477709328316,2.419636345797387
none,lcp_cqr,3,0.9256313131313132,0.030812773366294333,2.4316132744041155
none,lcp_cqr,4,0.9171102661596958,0.035025424829337994,2.407124967621892
none,lcp_cqr,5,0.9026515151515151,0.03467584217561285,2.47265418821942
none,lcp_cqr,6,0.892245170334524,0.040141437895598334,2.521564261483191
none,lcp_cqr,7,0.8822094519337865,0.03789464905344105,2.5457865743012897
none,lcp_cqr,8,0.873510773130545,0.04279637140951855,2.6026415111612615
none,lcp_cqr,9,0.8503787878787878,0.044959314575166824,2.6887910378544246
none,lcp_cqr,10,0.8213383838383839,0.06505578594829899,3.164220822505134
none,split,1,0.9708333333333333,0.01749027739524965,2.4674748028921716
none,split,2,0.9632446134347276,0.015121464079581069,2.4674748028921716
none,split,3,0.9505050505050505,0.02156404342711416,2.4674748028921716
none,split,4,0.9461343472750318,0.019972640289100643,2.4674748028921716
none,split,5,0.9284090909090909,0.028334541684904468,2.4674748028921716
none,split,6,0.9177876675500249,0.02745817057383228,2.4674748028921716
none,split,7,0.9046112263317586,0.029072493129784605,2.4674748028921716
none,split,8,0.8719898605830164,0.0398327995106126,2.4674748028921716
none,split,9,0.8378787878787879,0.04962176050810905,2.4674748028921716
none,split,10,0.7640151515151515,0.07706005472649947,2.4674748028921716
none,weighted_oracle,1,0.9708333333333333,0.01749027739524965,2.4674748028921716
none,weighted_oracle,2,0.9632446134347276,0.015121464079581069,2.4674748028921716
none,weighted_oracle,3,0.9505050505050505,0.02156404342711416,2.4674748028921716
none,weighted_oracle,4,0.9461343472750318,0.019972640289100643,2.4674748028921716
none,weighted_oracle,5,0.9284090909090909,0.028334541684904468,2.4674748028921716
none,weighted_oracle,6,0.9177876675500249,0.02745817057383228,2.4674748028921716
none,weighted_oracle,7,0.9046112263317586,0.029072493129784605,2.4674748028921716
none,weighted_oracle,8,0.8719898605830164,0.0398327995106126,2.4674748028921716
none,weighted_oracle,9,0.8378787878787879,0.04962176050810905,2.4674748028921716
none,weighted_oracle,10,0.7640151515151515,0.07706005472649947,2.4674748028921716
none,width_matched_global,1,0.9825757575757575,0.01166866815059026,2.710842792623126
none,width_matched_global,2,0.9740177439797211,0.011475834083873114,2.710842792623126
none,width_matched_global,3,0.9642676767676768,0.019737202032289524,2.710842792623126
none,width_matched_global,4,0.9623574144486693,0.01764741121165204,2.710842792623126
none,width_matched_global,5,0.9491161616161616,0.02155830673250603,2.710842792623126
none,width_matched_global,6,0.9427055728386528,0.021627866671798255,2.710842792623126
none,width_matched_global,7,0.9268776164688712,0.029596879691353616,2.710842792623126
none,width_matched_global,8,0.905703422053232,0.029323420235271756,2.710842792623126
none,width_matched_global,9,0.8734848484848484,0.044079695292315986,2.710842792623126
none,width_matched_global,10,0.8032828282828283,0.0632030244054455,2.710842792623126
severe,cqr,1,0.8643939393939395,0.05433351661865664,2.130075983475947
severe,cqr,2,0.7690747782002535,0.09034848558668743,2.473909105580813
severe,cqr,3,0.7203282828282828,0.12188409012692514,2.8161221421933513
severe,cqr,4,0.6798479087452471,0.14230127686584626,3.089362098758257
severe,cqr,5,0.6400252525252524,0.16768321641508552,3.2893214817134577
severe,cqr,6,0.601855532511426,0.18070109625357814,3.484152398839159
severe,cqr,7,0.5595892383915199,0.17532137333467218,3.6372291457349877
severe,cqr,8,0.5692015209125476,0.1990633888994238,3.7693717773818682
severe,cqr,9,0.5412878787878788,0.2082403373709241,3.904379960437486
severe,cqr,10,0.48762626262626263,0.25410045110853235,4.202496195958525
severe,di_cqr,1,0.8856060606060605,0.041760367710622845,2.275987913474182
severe,di_cqr,2,0.8435994930291508,0.08431936905753308,2.890631730110334
severe,di_cqr,3,0.786489898989899,0.10689922286010466,3.253243970937843
severe,di_cqr,4,0.7447401774397971,0.13164573445351058,3.526483927502748
severe,di_cqr,5,0.695959595959596,0.1597300607413791,3.7264433104579493
severe,di_cqr,6,0.6544878442216845,0.1720307976067424,3.92127422758365
severe,di_cqr,7,0.6115719937012714,0.1685755427998033,4.074350974479479
severe,di_cqr,8,0.6188846641318124,0.19825165248798696,4.20649360612636
severe,di_cqr,9,0.5890151515151516,0.21331381696108453,4.341501789181977
severe,di_cqr,10,0.5194444444444445,0.259993747179531,4.639618024703015
severe,di_normalized,1,0.7433080808080809,0.12280853175901656,1.4016724337815025
severe,di_normalized,2,0.6537389100126743,0.1313849374815515,1.8100323656362747
severe,di_normalized,3,0.6068181818181818,0.11332856258713113,2.290429193736935
severe,di_normalized,4,0.6041825095057034,0.14214687117495156,2.806024815400036
severe,di_normalized,5,0.6123737373737373,0.18241133798238307,3.3321944016345757
severe,di_normalized,6,0.6349132964627261,0.19533745247078535,3.9243364644845427
severe,di_normalized,7,0.6641529362061681,0.20160059331686783,4.60575597993108
severe,di_normalized,8,0.7167300380228137,0.19841771600497854,5.434046757491518
severe,di_normalized,9,0.7792929292929293,0.1804413136961102,6.672724020963544
severe,di_normalized,10,0.8393939393939394,0.1715571559643572,9.046535810988113
severe,lcp,1,0.7704545454545454,0.10648240502855666,1.7184645191540298
severe,lcp,2,0.6046894803548796,0.12649613267421275,2.27485912812767
severe,lcp,3,0.4722222222222222,0.11665416978580219,2.66720053239407
severe,lcp,4,0.4095057034220532,0.14132311190711042,3.232788169609724
severe,lcp,5,0.38876262626262625,0.19920383979960837,4.080168769119447
severe,lcp,6,0.39213427046126664,0.226280385045194,6.057010340603026
severe,lcp,7,0.41367621077697125,0.25288873643706167,9.878824219387358
severe,lcp,8,0.48415716096324457,0.2785666461968191,14.857550272043744
severe,lcp,9,0.6564393939393939,0.3144169931495496,25.975646017421614
severe,lcp,10,0.8710858585858586,0.22935411285503618,43.24481426332025
severe,lcp_cqr,1,0.8748737373737374,0.04275651865487987,2.398908911502355
severe,lcp_cqr,2,0.7935361216730038,0.058702492521658135,3.258649744722994
severe,lcp_cqr,3,0.7487373737373737,0.1115993555420201,3.977263918456774
severe,lcp_cqr,4,0.7190114068441065,0.1436296721129044,4.76574330249202
severe,lcp_cqr,5,0.6840909090909091,0.17269828259532266,5.8576465850420325
severe,lcp_cqr,6,0.6713609478818604,0.19339151045472167,8.024037908764862
severe,lcp_cqr,7,0.6780552675039366,0.19995304515961795,11.897458449826615
severe,lcp_cqr,8,0.738276299112801,0.2075811803761203,17.54804293745569
severe,lcp_cqr,9,0.8224747474747475,0.21016397498821307,28.91011054968609
severe,lcp_cqr,10,0.9297979797979798,0.16776065075410734,46.99549708905254
severe,split,1,0.751010101010101,0.13994107634987848,1.4426316935761145
severe,split,2,0.5609632446134347,0.16696252204604456,1.4426316935761145
severe,split,3,0.4166666666666667,0.13628016137713628,1.4426316935761145
severe,split,4,0.33548795944233206,0.12309741866555865,1.4426316935761145
severe,split,5,0.29255050505050506,0.13040916362049598,1.4426316935761145
severe,split,6,0.25842647002342817,0.12544252398016104,1.4426316935761145
severe,split,7,0.22556362100088337,0.11197030968564449,1.4426316935761145
severe,split,8,0.22889733840304183,0.10925283654963443,1.4426316935761145
severe,split,9,0.2077020202020202,0.10929120040114351,1.4426316935761145
severe,split,10,0.16502525252525255,0.11787079000445327,1.4426316935761145
severe,weighted_oracle,1,0.9390151515151516,0.0809746832187529,7.835013898781415
severe,weighted_oracle,2,0.8960709759188847,0.1283616717505226,18.758287665839383
severe,weighted_oracle,3,0.905429292929293,0.14836218934832401,35.50939931546495
severe,weighted_oracle,4,0.9435994930291508,0.11986114633817622,45.792167385647254
severe,weighted_oracle,5,0.9752525252525253,0.061631969182414835,51.19918010013901
severe,weighted_oracle,6,0.991768444905327,0.023543856055567598,53.392215087852456
severe,weighted_oracle,7,0.9981051004339978,0.008994273468443413,54.395516454739074
severe,weighted_oracle,8,0.999873257287706,0.0006941984252283483,54.66293905185323
severe,weighted_oracle,9,1.0,0.0,54.69592167335226
severe,weighted_oracle,10,1.0,0.0,54.69592167335226
severe,width_matched_global,1,0.9789141414141415,0.026889125162093526,3.6856486285882983
severe,width_matched_global,2,0.9163498098859315,0.0754070474135521,3.6856486285882983
severe,width_matched_global,3,0.8276515151515151,0.11869092143491564,3.6856486285882983
severe,width_matched_global,4,0.7399239543726235,0.15402468473543482,3.6856486285882983
severe,width_matched_global,5,0.6717171717171717,0.1922185743515004,3.6856486285882983
severe,width_matched_global,6,0.6058239236471176,0.19971710829939524,3.6856486285882983
severe,width_matched_global,7,0.5537105849368207,0.21442712728762478,3.6856486285882983
severe,width_matched_global,8,0.5338403041825095,0.20811249710388458,3.6856486285882983
severe,width_matched_global,9,0.5016414141414142,0.21456709403933436,3.6856486285882983
severe,width_matched_global,10,0.42285353535353537,0.21475332589011056,3.6856486285882983
