group,gain,n,pearson_r,p_value
mild,gain_IS_vs_cqr,30,0.20481644820975906,0.27760332775372926
mild,gain_IS_vs_split,30,0.45237760397151894,0.012075001517121799
mild,gain_worst_vs_split,30,0.44772457051792136,0.013102111608259808
moderate,gain_IS_vs_cqr,30,0.30584057778224394,0.10025192563215764
moderate,gain_IS_vs_split,30,-0.20950925440358117,0.2665007504514426
moderate,gain_worst_vs_split,30,-0.4874942920714725,0.006286003365650794
severe,gain_IS_vs_cqr,30,-0.18740263484988284,0.321366819275723
severe,gain_IS_vs_split,30,-0.02356778017907295,0.9016178124215627
severe,gain_worst_vs_split,30,0.3199488640298622,0.08477892733970137
pooled_biased,gain_IS_vs_cqr,90,0.47455486017540827,2.2971225967026183e-06
pooled_biased,gain_IS_vs_split,90,0.6139897695480654,1.2320835292711288e-10
pooled_biased,gain_worst_vs_split,90,0.21910876858340542,0.03799797618048703
